"sim","nparts","s0","n0","skew","simpson","nunique","max_draws"
1,"1",2,3,0,0.444444444444444,1,5
1,"2",2,5,0,0.48,2,5
3,"2",2,5,0,0.32,2,5
1,"2",3,5,0.38490017945975,0.56,2,5
4,"2",3,5,-0.384900179459751,0.64,2,5
1,"4",2,8,0,0.21875,4,5
2,"4",2,8,NA,0.5,4,5
3,"4",2,8,0,0.46875,4,5
5,"4",2,8,0,0.375,4,5
1,"5",3,8,0.384900179459751,0.40625,4,5
2,"5",3,8,0.384900179459751,0.625,4,5
4,"5",3,8,-0.38490017945975,0.65625,4,5
5,"5",3,8,0.287409506829644,0.53125,4,5
1,"3",5,8,1.0733126291999,0.6875,2,5
2,"3",5,8,0.603738353924943,0.75,2,5
1,"6",2,13,0,0.473372781065089,3,5
4,"6",2,13,0,0.42603550295858,3,5
5,"6",2,13,0,0.142011834319526,3,5
1,"14",3,13,0.130129494729198,0.591715976331361,4,5
2,"14",3,13,0.207826562129517,0.63905325443787,4,5
3,"14",3,13,0.384900179459751,0.272189349112426,4,5
5,"14",3,13,0.287409506829644,0.461538461538462,4,5
1,"18",5,13,0.487808224325621,0.674556213017751,4,5
2,"18",5,13,1.0733126291999,0.757396449704142,4,5
3,"18",5,13,0.93310031179113,0.710059171597633,4,5
5,"18",5,13,-0.292118697336089,0.792899408284024,4,5
1,"7",8,13,0.540597944572312,0.85207100591716,3,5
4,"7",8,13,1.08406267380564,0.816568047337278,3,5
5,"7",8,13,1.65873098512724,0.792899408284024,3,5
1,"10",2,21,0,0.36281179138322,5,5
2,"10",2,21,0,0.444444444444444,5,5
3,"10",2,21,0,0.489795918367347,5,5
4,"10",2,21,0,0.172335600907029,5,5
5,"10",2,21,0,0.408163265306122,5,5
1,"37",3,21,0.384900179459751,0.17687074829932,5,5
2,"37",3,21,0.148952091952777,0.471655328798186,5,5
3,"37",3,21,0.384900179459751,0.326530612244898,5,5
4,"37",3,21,0,0.662131519274376,5,5
5,"37",3,21,-0.173811582606556,0.526077097505669,5,5
1,"101",5,21,0.603738353924943,0.770975056689342,5,5
2,"101",5,21,0.760437278125706,0.72562358276644,5,5
3,"101",5,21,0.944510632670825,0.512471655328798,5,5
4,"101",5,21,0.229142328174413,0.73015873015873,5,5
5,"101",5,21,0.620752231839188,0.789115646258503,5,5
1,"89",8,21,0.270488059395513,0.848072562358277,5,5
2,"89",8,21,1.21810885848787,0.839002267573696,5,5
3,"89",8,21,0.699009565609755,0.798185941043084,5,5
4,"89",8,21,0.893040154249053,0.780045351473923,5,5
5,"89",8,21,1.85615530061469,0.53968253968254,5,5
1,"22",13,21,1.13792345856988,0.893424036281179,4,5
2,"22",13,21,2.40443755983368,0.843537414965986,4,5
4,"22",13,21,1.7872803815139,0.884353741496599,4,5
5,"22",13,21,1.24353531495071,0.884353741496599,4,5
1,"17",2,34,0,0.250865051903114,5,5
2,"17",2,34,0,0.326989619377163,5,5
3,"17",2,34,0,0.389273356401384,5,5
4,"17",2,34,NA,0.5,5,5
5,"17",2,34,0,0.493079584775087,5,5
1,"96",3,34,0.143770798871449,0.524221453287197,5,5
2,"96",3,34,0.329930015778195,0.451557093425605,5,5
3,"96",3,34,0.352528528785214,0.299307958477509,5,5
4,"96",3,34,0.38490017945975,0.458477508650519,5,5
5,"96",3,34,0.36847583306932,0.257785467128028,5,5
1,"603",5,34,0.541745677854985,0.683391003460208,5,5
2,"603",5,34,-0.201596461807434,0.762975778546713,5,5
3,"603",5,34,0.292118697336089,0.795847750865052,5,5
4,"603",5,34,0.620752231839189,0.73356401384083,5,5
5,"603",5,34,0.0941005381317238,0.71280276816609,5,5
1,"1297",8,34,1.35811747204766,0.823529411764706,5,5
2,"1297",8,34,0.736951495562935,0.818339100346021,5,5
3,"1297",8,34,0.586751027609648,0.820069204152249,5,5
4,"1297",8,34,1.73326173792442,0.73356401384083,5,5
5,"1297",8,34,0.123130903409216,0.844290657439446,5,5
1,"747",13,34,-1.23059139193252,0.918685121107266,5,5
2,"747",13,34,-0.420676352480908,0.920415224913495,5,5
3,"747",13,34,0.745454376904696,0.875432525951557,5,5
4,"747",13,34,2.10465344377384,0.823529411764706,5,5
5,"747",13,34,1.56752924002842,0.86159169550173,5,5
1,"101",21,34,3.94870468046081,0.813148788927336,5,5
2,"101",21,34,2.07736932830762,0.908304498269896,5,5
3,"101",21,34,2.32517333585576,0.913494809688581,5,5
4,"101",21,34,3.9056517164223,0.833910034602076,5,5
5,"101",21,34,2.18977917126671,0.92560553633218,5,5
1,"27",2,55,0,0.498512396694215,5,5
2,"27",2,55,0,0.440330578512397,5,5
3,"27",2,55,0,0.491900826446281,5,5
4,"27",2,55,0,0.273719008264463,5,5
5,"27",2,55,0,0.48,5,5
1,"252",3,55,-0.0553204924538206,0.571239669421488,5,5
2,"252",3,55,0.376642539001858,0.528264462809917,5,5
3,"252",3,55,0.384900179459755,0.666446280991736,5,5
4,"252",3,55,0.207826562129518,0.665123966942149,5,5
5,"252",3,55,-0.351671823411864,0.589752066115703,5,5
1,"3765",5,55,0.633392539750107,0.775537190082645,5,5
2,"3765",5,55,0.0557001731121116,0.755702479338843,5,5
3,"3765",5,55,0.770268166375487,0.694876033057851,5,5
4,"3765",5,55,0.783762392857626,0.761652892561983,5,5
5,"3765",5,55,0.806192808399641,0.665785123966942,5,5
1,"22122",8,55,1.09985047231886,0.79801652892562,5,5
2,"22122",8,55,0.730914612457924,0.811900826446281,5,5
3,"22122",8,55,0.996822398332458,0.778842975206612,5,5
4,"22122",8,55,0.481230798847174,0.821157024793388,5,5
5,"22122",8,55,1.03083905565633,0.749090909090909,5,5
1,"35452",13,55,0.474978805108359,0.884628099173554,5,5
2,"35452",13,55,1.34458091754408,0.88198347107438,5,5
3,"35452",13,55,2.35291464351691,0.835702479338843,5,5
4,"35452",13,55,1.87502994145216,0.834380165289256,5,5
5,"35452",13,55,2.09366701410691,0.830413223140496,5,5
1,"12038",21,55,2.00893071691696,0.909090909090909,5,5
2,"12038",21,55,1.87411501510866,0.917685950413223,5,5
3,"12038",21,55,2.4341779621568,0.854214876033058,5,5
4,"12038",21,55,2.09265314700745,0.892561983471074,5,5
5,"12038",21,55,3.01575446376201,0.840330578512397,5,5
1,"792",34,55,2.41541750400623,0.940165289256198,5,5
2,"792",34,55,2.02999680858297,0.955371900826446,5,5
3,"792",34,55,4.050430821481,0.933553719008264,5,5
4,"792",34,55,2.33295866580251,0.944793388429752,5,5
5,"792",34,55,5.11889418766777,0.876694214876033,5,5
1,"45",2,91,0,0.482550416616351,5,5
2,"45",2,91,0,0.142011834319526,5,5
3,"45",2,91,0,0.489795918367347,5,5
4,"45",2,91,0,0.244897959183674,5,5
5,"45",2,91,0,0.498490520468542,5,5
1,"690",3,91,-0.274478788470417,0.511049390170269,5,5
2,"690",3,91,0.138209090752666,0.438594372660307,5,5
3,"690",3,91,-0.267924332557227,0.658857625890593,5,5
4,"690",3,91,0.359664138194346,0.563700036227509,5,5
5,"690",3,91,0.130129494729198,0.642192971863301,5,5
1,"26455",5,91,0.894823744799238,0.602342712232822,5,5
2,"26455",5,91,-0.667169189742119,0.773095036831301,5,5
3,"26455",5,91,0.714381099817998,0.68421688201908,5,5
4,"26455",5,91,0.248926502911322,0.712715855572998,5,5
5,"26455",5,91,1.02662802021413,0.681318681318681,5,5
1,"509267",8,91,-0.214409472058035,0.843859437266031,5,5
2,"509267",8,91,0.771575127820072,0.778891438232098,5,5
3,"509267",8,91,0.513241431375499,0.773336553556334,5,5
4,"509267",8,91,1.39401384553948,0.754015215553677,5,5
5,"509267",8,91,1.84509961317504,0.841202753290665,5,5
1,"3100410",13,91,0.821520477258205,0.863180775268687,5,5
2,"3100410",13,91,1.75866384258672,0.872358410819949,5,5
3,"3100410",13,91,1.33520440599298,0.832991184639536,5,5
4,"3100410",13,91,1.60479758311721,0.835164835164835,5,5
5,"3100410",13,91,1.19793570239677,0.810047095761381,5,5
1,"3193032",21,91,1.51281731695905,0.9025480014491,5,5
2,"3193032",21,91,1.43342642113536,0.887332447772008,5,5
3,"3193032",21,91,1.65250933790344,0.866320492694119,5,5
4,"3193032",21,91,0.843789827612619,0.917763555126192,5,5
5,"3193032",21,91,1.29109860039171,0.910276536650163,5,5
1,"609646",34,91,3.75066536101958,0.87163386064485,5,5
2,"609646",34,91,2.1767160929906,0.931288491728052,5,5
3,"609646",34,91,3.29310550306933,0.886849414321942,5,5
4,"609646",34,91,1.3692809326286,0.948919212655476,5,5
5,"609646",34,91,2.48562885122014,0.911484120275329,5,5
1,"17977",55,91,1.95938664213976,0.969689651008332,5,5
2,"17977",55,91,2.34609311974862,0.966549933582901,5,5
3,"17977",55,91,3.55864416192429,0.958579881656805,5,5
4,"17977",55,91,4.3556250770397,0.958338364931771,5,5
5,"17977",55,91,2.44060434107611,0.967516000483033,5,5
1,"74",2,149,0,0.485924057474888,5,5
2,"74",2,149,0,0.148101436872213,5,5
3,"74",2,149,0,0.170262600783748,5,5
4,"74",2,149,0,0.373316517273997,5,5
5,"74",2,149,0,0.48358182063871,5,5
1,"1850",3,149,0.334501743129033,0.44574568713121,5,5
2,"1850",3,149,0.381374247339545,0.567181658483852,5,5
3,"1850",3,149,0.240936522766371,0.540336020899959,5,5
4,"1850",3,149,-0.38335749370152,0.565560109904959,5,5
5,"1850",3,149,-0.325766124462153,0.539254988514031,5,5
1,"182702",5,149,0.763262143256893,0.593757037971262,5,5
2,"182702",5,149,-0.230781472953658,0.790324760145939,5,5
3,"182702",5,149,-0.420381290255399,0.746903292644475,5,5
4,"182702",5,149,0.316178516310756,0.683662898067655,5,5
5,"182702",5,149,0.52271815981715,0.678527994234494,5,5
1,"12464395",8,149,0.681980706815978,0.773839016260529,5,5
2,"12464395",8,149,-0.160090802065154,0.818431602180082,5,5
3,"12464395",8,149,1.68590570398155,0.542678257736138,5,5
4,"12464395",8,149,-0.769644598067448,0.85356515472276,5,5
5,"12464395",8,149,0.497092727711764,0.780145038511779,5,5
1,"372681359",13,149,0.898371596490433,0.864195306517724,5,5
2,"372681359",13,149,0.651000540992018,0.865366424935814,5,5
3,"372681359",13,149,2.49330064545424,0.64519616233503,5,5
4,"372681359",13,149,1.32028867485171,0.798792847169046,5,5
5,"372681359",13,149,2.11960124650417,0.76762308004144,5,5
1,"1656774044",21,149,2.67845975077819,0.877347867213189,5,5
2,"1656774044",21,149,1.29334362132703,0.920138732489527,5,5
3,"1656774044",21,149,2.1619967623739,0.912661591820188,5,5
4,"1656774044",21,149,2.06537444655256,0.886626728525742,5,5
5,"1656774044",21,149,1.32615855675988,0.913922796270438,5,5
1,"942333531",34,149,1.93663390282233,0.930408540155849,5,5
2,"942333531",34,149,3.33412250078163,0.900499977478492,5,5
3,"942333531",34,149,2.41631703340269,0.920679248682492,5,5
4,"942333531",34,149,2.34980767797005,0.937975766857349,5,5
5,"942333531",34,149,3.94444600054512,0.894284041259403,5,5
1,"92522935",55,149,4.26248765312003,0.909238322598081,5,5
2,"92522935",55,149,4.461457047254,0.933741723345795,5,5
3,"92522935",55,149,3.03079503142307,0.933831809377956,5,5
4,"92522935",55,149,2.14129113206918,0.957884779964866,5,5
5,"92522935",55,149,2.37372966454216,0.964100716183956,5,5
1,"715220",91,149,4.33267406553896,0.974820954011081,5,5
2,"715220",91,149,4.05840377741798,0.970857168596009,5,5
3,"715220",91,149,5.01591261550061,0.962298995540741,5,5
4,"715220",91,149,3.87995566762994,0.972929147335706,5,5
5,"715220",91,149,4.35767582207935,0.969866222242241,5,5
1,"122",2,245,0,0.445347771761766,5,5
2,"122",2,245,0,0.305006247396918,5,5
3,"122",2,245,0,0.339058725531029,5,5
4,"122",2,245,0,0.442615576842982,5,5
5,"122",2,245,0,0.156734693877551,5,5
1,"5002",3,245,-0.213558338256162,0.531378592253228,5,5
2,"5002",3,245,-0.125353263879006,0.643865056226572,5,5
3,"5002",3,245,-0.225467855733037,0.63533527696793,5,5
4,"5002",3,245,0.384900179459751,0.286547271970012,5,5
5,"5002",3,245,0.0559812551320498,0.43658475635152,5,5
1,"1302311",5,245,0.209728556231672,0.735360266555602,5,5
2,"1302311",5,245,0.452098078518136,0.592186588921283,5,5
3,"1302311",5,245,0.357232766479673,0.637667638483965,5,5
4,"1302311",5,245,0.400623731147241,0.720133277800916,5,5
5,"1302311",5,245,-0.330085554807227,0.746855476884631,5,5
1,"343116894",8,245,-0.375559973709376,0.862873802582257,5,5
2,"343116894",8,245,0.460580788030929,0.771578508954602,5,5
3,"343116894",8,245,-0.892023597274827,0.852078300708038,5,5
4,"343116894",8,245,0.46401400531704,0.836817992503124,5,5
5,"343116894",8,245,-0.169919700338937,0.847580174927114,5,5
1,"65905592635",13,245,0.630887832537326,0.88862973760933,5,5
2,"65905592635",13,245,-0.348287086677728,0.905222823823407,5,5
3,"65905592635",13,245,0.763239785511092,0.881466055810079,5,5
4,"65905592635",13,245,0.743365716742633,0.873835901707622,5,5
5,"65905592635",13,245,0.158780762622202,0.889296126613911,5,5
1,"2073871870690",21,245,1.49677896744836,0.900291545189504,5,5
2,"2073871870690",21,245,1.86719735431353,0.898692211578509,5,5
3,"2073871870690",21,245,1.74441896230033,0.886030820491462,5,5
4,"2073871870690",21,245,1.98490619951511,0.892694710537276,5,5
5,"2073871870690",21,245,1.74250869177371,0.90618908788005,5,5
1,"5508427361736",34,245,2.37730554557336,0.920649729279467,5,5
2,"5508427361736",34,245,1.02118609028472,0.93487713452728,5,5
3,"5508427361736",34,245,2.14658882194133,0.934777176176593,5,5
4,"5508427361736",34,245,2.33740910364869,0.940108288213244,5,5
5,"5508427361736",34,245,2.42585582967096,0.936942940441483,5,5
1,"1587802425731",55,245,2.2264304998488,0.953136193252811,5,5
2,"1587802425731",55,245,1.7892064316912,0.959000416493128,5,5
3,"1587802425731",55,245,2.08098144426379,0.94637234485631,5,5
4,"1587802425731",55,245,2.22771587009873,0.954502290712203,5,5
5,"1587802425731",55,245,3.93770133433857,0.930478967097043,5,5
1,"60347612270",91,245,3.34281684632769,0.965464389837568,5,5
2,"60347612270",91,245,4.59552693364393,0.942240733027905,5,5
3,"60347612270",91,245,2.00766048802336,0.972061640982924,5,5
4,"60347612270",91,245,3.16686987447145,0.961765930862141,5,5
5,"60347612270",91,245,4.43154360528391,0.94277384423157,5,5
1,"118114304",149,245,5.45470371919729,0.976126613910871,5,5
2,"118114304",149,245,8.54289298217186,0.964331528529779,5,5
3,"118114304",149,245,5.23217898887104,0.974094127446897,5,5
4,"118114304",149,245,5.45154819268807,0.985256143273636,5,5
5,"118114304",149,245,4.34569220206845,0.980957934194086,5,5
1,"202",2,404,0,0.249424076070973,5,5
2,"202",2,404,0,0.150022056661112,5,5
3,"202",2,404,0,0.462932555631801,5,5
4,"202",2,404,0,0.19409861778257,5,5
5,"202",2,404,0,0.499889716694442,5,5
1,"13601",3,404,0.150587578615567,0.505943044799529,5,5
2,"13601",3,404,-0.299320553488015,0.554467699245172,5,5
3,"13601",3,404,0.0841297505065046,0.538488873639839,5,5
4,"13601",3,404,-0.3637384261913,0.610540633271248,5,5
5,"13601",3,404,0.0877669818318061,0.453521713557494,5,5
1,"9479319",5,404,0.581371800417171,0.709856876776787,5,5
2,"9479319",5,404,0.955568656321441,0.584048132536026,5,5
3,"9479319",5,404,0.352970514720547,0.696022448779531,5,5
4,"9479319",5,404,0.342727855163668,0.649850504852465,5,5
5,"9479319",5,404,0.438446219472551,0.723642289971571,5,5
1,"10236379151",8,404,-0.125984035644901,0.853984903440839,5,5
2,"10236379151",8,404,-0.413786128728336,0.837283109499069,5,5
3,"10236379151",8,404,0.497221572616677,0.814246152338006,5,5
4,"10236379151",8,404,0.134662764145491,0.808915792569356,5,5
5,"10236379151",8,404,0.465698636720073,0.782227232624253,5,5
1,"15663609975239",13,404,1.14087551398971,0.836658170767572,5,5
2,"15663609975239",13,404,1.91741787985182,0.80280119596118,5,5
3,"15663609975239",13,404,1.14375810151943,0.881188118811881,5,5
4,"15663609975239",13,404,0.864707973461537,0.860307812959514,5,5
5,"15663609975239",13,404,0.964619654766146,0.871005293598667,5,5
1,"5828389627334616",21,404,1.32905997848788,0.900965591608666,5,5
2,"5828389627334616",21,404,0.947506392200434,0.933021272424272,5,5
3,"5828389627334616",21,404,1.28245546082601,0.919027546318988,5,5
4,"5828389627334616",21,404,0.929800564333541,0.918954024115283,5,5
5,"5828389627334616",21,404,1.41564354413233,0.882670816586609,5,5
1,"146654545794032872",34,404,0.84268257909792,0.950200960690128,5,5
2,"146654545794032872",34,404,2.79872557705164,0.916981178315851,5,5
3,"146654545794032872",34,404,1.64199002497318,0.921772375257328,5,5
4,"146654545794032872",34,404,2.12266690869904,0.935913145770022,5,5
5,"146654545794032872",34,404,2.35633326655866,0.942517890402902,5,5
1,"188230052827681570",55,404,1.70530028344138,0.952418880501912,5,5
2,"188230052827681570",55,404,3.02273114367683,0.951573375159298,5,5
3,"188230052827681570",55,404,2.20923971263404,0.954024115282815,5,5
4,"188230052827681570",55,404,3.17110570880129,0.933339868640329,5,5
5,"188230052827681570",55,404,2.36786865268999,0.947762474267229,5,5
1,"22714041311495409",91,404,3.16450600865346,0.950960690128419,5,5
2,"22714041311495409",91,404,3.18323784917303,0.962687481619449,5,5
3,"22714041311495409",91,404,4.9733859222942,0.9298353102637,5,5
4,"22714041311495409",91,404,3.27420575777543,0.95328889324576,5,5
5,"22714041311495409",91,404,2.89925950871476,0.967944319184394,5,5
1,"338851247133583",149,404,4.17917193081762,0.972220860699931,5,5
2,"338851247133583",149,404,5.61225550730127,0.966179786295461,5,5
3,"338851247133583",149,404,2.89874357248669,0.982832565434761,5,5
4,"338851247133583",149,404,4.30664570709283,0.96745417115969,5,5
5,"338851247133583",149,404,5.68343686235308,0.952137045387707,5,5
1,"97662728555",245,404,7.31248224989223,0.981913537888442,5,5
2,"97662728555",245,404,6.47183648851946,0.984155965101461,5,5
3,"97662728555",245,404,8.28544960673896,0.974794137829625,5,5
4,"97662728555",245,404,8.56846189912204,0.978874620135281,5,5
5,"97662728555",245,404,6.91211036376721,0.983800607783551,5,5
1,"333",2,666,0,0.44837630423216,5,5
2,"333",2,666,0,0.28176374572771,5,5
3,"333",2,666,0,0.340633426219012,5,5
4,"333",2,666,0,0.498845692539386,5,5
5,"333",2,666,0,0.319639459279099,5,5
1,"36963",3,666,0.211078351168516,0.437987537086636,5,5
2,"36963",3,666,0.383853004498712,0.127961294627961,5,5
3,"36963",3,666,0.0647381976626766,0.614393672952231,5,5
4,"36963",3,666,-0.38162043044201,0.628597065534003,5,5
5,"36963",3,666,0.343202296668616,0.458616273931589,5,5
1,"69340404",5,666,0.835750056787267,0.625544463382301,5,5
2,"69340404",5,666,0.321178014813751,0.566426787147508,5,5
3,"69340404",5,666,0.614830545769715,0.612044476909342,5,5
4,"69340404",5,666,-0.387959489851387,0.726154082009938,5,5
5,"69340404",5,666,-0.0444611835494725,0.713420627835042,5,5
1,"317202410064",8,666,0.407025999833029,0.832431530629729,5,5
2,"317202410064",8,666,0.761027760364975,0.802063324585847,5,5
3,"317202410064",8,666,0.622284094624828,0.818250683115548,5,5
4,"317202410064",8,666,0.33504330805657,0.825740154568983,5,5
5,"317202410064",8,666,1.31717102683379,0.710250791331872,5,5
1,"4480895795755228",13,666,1.71285104155181,0.850490129769409,5,5
2,"4480895795755228",13,666,0.916011554175806,0.849931012093174,5,5
3,"4480895795755228",13,666,1.30372103182932,0.857195032870709,5,5
4,"4480895795755228",13,666,1.54050119832692,0.852298244190136,5,5
5,"4480895795755228",13,666,0.650440561843544,0.860752644536428,5,5
1,"30750153337654075203",21,666,1.04765482955339,0.92274707139572,5,5
2,"30750153337654075203",21,666,2.82588140455814,0.871867362858354,5,5
3,"30750153337654075203",21,666,0.498460522871883,0.931133836539242,5,5
4,"30750153337654075203",21,666,0.62056960939637,0.926340755169584,5,5
5,"30750153337654075203",21,666,1.66777742403327,0.898312727141556,5,5
1,"16960533556000831078905",34,666,2.25917740863256,0.945165886607328,5,5
2,"16960533556000831078905",34,666,1.48128922818416,0.950788626464302,5,5
3,"16960533556000831078905",34,666,1.38065392453296,0.948416885353822,5,5
4,"16960533556000831078905",34,666,1.71210816569035,0.940012084156228,5,5
5,"16960533556000831078905",34,666,1.93475569722442,0.933334235136037,5,5
1,"224667994315288971716046",55,666,2.07135397432902,0.961682403123845,5,5
2,"224667994315288971716046",55,666,3.19717051410693,0.934456979502025,5,5
3,"224667994315288971716046",55,666,2.63016134734234,0.957385313241169,5,5
4,"224667994315288971716046",55,666,2.25339094165487,0.955680906131357,5,5
5,"224667994315288971716046",55,666,2.35474895654881,0.939394349304259,5,5
1,"111745788850746178493046",91,666,2.21842387635203,0.97877156435715,5,5
2,"111745788850746178493046",91,666,3.37360536454851,0.96632217803389,5,5
3,"111745788850746178493046",91,666,3.36812338318795,0.955775595415235,5,5
4,"111745788850746178493046",91,666,3.45756781362144,0.961010560109659,5,5
5,"111745788850746178493046",91,666,3.16812456899679,0.963706950193437,5,5
1,"5838828710429811709611",149,666,3.81582027228057,0.972161350539729,5,5
2,"5838828710429811709611",149,666,3.97699629771726,0.976296115935756,5,5
3,"5838828710429811709611",149,666,3.83188669726777,0.973897320744168,5,5
4,"5838828710429811709611",149,666,4.66487370829446,0.969870771672574,5,5
5,"5838828710429811709611",149,666,4.32595794105978,0.95717789861934,5,5
1,"24167048176397232630",245,666,5.06409336268575,0.976462949435922,5,5
2,"24167048176397232630",245,666,4.41183785678133,0.979970961952944,5,5
3,"24167048176397232630",245,666,4.28576232621854,0.981156832508184,5,5
4,"24167048176397232630",245,666,6.94444069495276,0.961294627961295,5,5
5,"24167048176397232630",245,666,4.3525630241297,0.978537095654213,5,5
1,"576672674947168",404,666,8.54604121767307,0.989926863800738,5,5
2,"576672674947168",404,666,5.83047923197984,0.992253514776037,5,5
3,"576672674947168",404,666,7.02727760200469,0.989976462949436,5,5
4,"576672674947168",404,666,6.62298617239683,0.986567648729811,5,5
5,"576672674947168",404,666,9.99160950856814,0.985183381579778,5,5
1,"548",2,1097,0,0.0108790943062584,5,5
2,"548",2,1097,0,0.49985000943154,5,5
3,"548",2,1097,0,0.455572461233047,5,5
4,"548",2,1097,0,0.334569543687973,5,5
5,"548",2,1097,0,0.479338279836697,5,5
1,"100284",3,1097,-0.212894100980497,0.632087677589249,5,5
2,"100284",3,1097,-0.290564728959135,0.599440422998332,5,5
3,"100284",3,1097,0.343845744117664,0.646606432227115,5,5
4,"100284",3,1097,0.0127476055943516,0.44401196933046,5,5
5,"100284",3,1097,-0.187450094330508,0.564403290984196,5,5
1,"507432854",5,1097,0.291082976022769,0.686012818584538,5,5
2,"507432854",5,1097,0.319350198966448,0.64163056782856,5,5
3,"507432854",5,1097,0.987793729852572,0.437866095400649,5,5
4,"507432854",5,1097,0.092436060374507,0.771293882628433,5,5
5,"507432854",5,1097,0.809104561682166,0.708103396268434,5,5
1,"10022031335772",8,1097,0.449706581574193,0.792538530125668,5,5
2,"10022031335772",8,1097,0.759997574426826,0.834417891174156,5,5
3,"10022031335772",8,1097,1.17605531071802,0.802358965239582,5,5
4,"10022031335772",8,1097,0.519318652542495,0.764268839604823,5,5
5,"10022031335772",8,1097,1.18415503883888,0.749701888551606,5,5
1,"1440400848181570978",13,1097,0.646791950762194,0.875898385336988,5,5
2,"1440400848181570978",13,1097,0.660969728211884,0.857678478389309,5,5
3,"1440400848181570978",13,1097,0.54851128213068,0.879925278936754,5,5
4,"1440400848181570978",13,1097,0.430123143763748,0.872933474820281,5,5
5,"1440400848181570978",13,1097,1.83704357449668,0.826041686575387,5,5
1,"257825170465935452062058",21,1097,0.677539512540744,0.931241165721712,5,5
2,"257825170465935452062058",21,1097,3.35564447920068,0.900088000006648,5,5
3,"257825170465935452062058",21,1097,1.39725078709821,0.885875043314451,5,5
4,"257825170465935452062058",21,1097,1.38129348573537,0.892866847430923,5,5
5,"257825170465935452062058",21,1097,1.34088069752846,0.92203066455378,5,5
1,"7236699666360942427462462654",34,1097,2.16287339539689,0.937915538275017,5,5
2,"7236699666360942427462462654",34,1097,1.31609048241346,0.949343074549052,5,5
3,"7236699666360942427462462654",34,1097,1.32129991605163,0.934493592785163,5,5
4,"7236699666360942427462462654",34,1097,0.963663209603914,0.95088203594954,5,5
5,"7236699666360942427462462654",34,1097,1.55844913035873,0.94321382007281,5,5
1,"3246722222029525681182826112810",55,1097,1.40246106186772,0.969313009957546,5,5
2,"3246722222029525681182826112810",55,1097,2.18863287702929,0.949615633587583,5,5
3,"3246722222029525681182826112810",55,1097,2.63788160405943,0.954842451735029,5,5
4,"3246722222029525681182826112810",55,1097,2.2919818318818,0.953258617809905,5,5
5,"3246722222029525681182826112810",55,1097,2.65964375737842,0.941400637688433,5,5
1,"15899863866212300281485778446925",91,1097,3.63624896258591,0.95487402869681,5,5
2,"15899863866212300281485778446925",91,1097,4.1584358337472,0.961757806365085,5,5
3,"15899863866212300281485778446925",91,1097,2.60122121733988,0.971428666396878,5,5
4,"15899863866212300281485778446925",91,1097,3.49018696629027,0.957338693661091,5,5
5,"15899863866212300281485778446925",91,1097,4.02486485640288,0.95589778703666,5,5
1,"2874744073304952446124757934939",149,1097,4.93972318351356,0.969838184690326,5,5
2,"2874744073304952446124757934939",149,1097,3.0093395939677,0.975300999078451,5,5
3,"2874744073304952446124757934939",149,1097,4.36803373906379,0.957812348087807,5,5
4,"2874744073304952446124757934939",149,1097,7.78394540486594,0.948955841280894,5,5
5,"2874744073304952446124757934939",149,1097,2.90210624373874,0.979972727476693,5,5
1,"54836444519972219502670097392",245,1097,5.15257519056592,0.974493293634999,5,5
2,"54836444519972219502670097392",245,1097,5.49466062942932,0.972823038551315,5,5
3,"54836444519972219502670097392",245,1097,5.52609959533086,0.964882263636054,5,5
4,"54836444519972219502670097392",245,1097,6.19204708727819,0.972921093327373,5,5
5,"54836444519972219502670097392",245,1097,3.53489656427088,0.983053974168383,5,5
1,"43397921467603356642305679",404,1097,5.60772530656509,0.984091028071088,5,5
2,"43397921467603356642305679",404,1097,5.63406325525723,0.979610423388889,5,5
3,"43397921467603356642305679",404,1097,6.19535601343765,0.985094843066655,5,5
4,"43397921467603356642305679",404,1097,7.47026480682658,0.975430630816289,5,5
5,"43397921467603356642305679",404,1097,7.43073035058425,0.976994521397131,5,5
1,"43955477170518116534",666,1097,8.25168724123615,0.989590405257066,5,5
2,"43955477170518116534",666,1097,7.73355314410238,0.990012539377718,5,5
3,"43955477170518116534",666,1097,7.0754182170145,0.993957997654995,5,5
4,"43955477170518116534",666,1097,11.9472484589698,0.988804305103252,5,5
5,"43955477170518116534",666,1097,9.03862698093234,0.991119394985412,5,5
1,"904",2,1809,0,0.498789756151373,5,5
2,"904",2,1809,0,0.434449581219876,5,5
3,"904",2,1809,0,0.165782475131254,5,5
4,"904",2,1809,0,0.410583896438207,5,5
5,"904",2,1809,0,0.497535661780771,5,5
1,"272707",3,1809,0.373230133341892,0.587951465570006,5,5
2,"272707",3,1809,-0.36316761815431,0.600336564215346,5,5
3,"272707",3,1809,0.377787578273395,0.131804584961685,5,5
4,"272707",3,1809,-0.373014132486237,0.645331783438926,5,5
5,"272707",3,1809,0.340081280172836,0.56180616480279,5,5
1,"3739015190",5,1809,-0.205928284245824,0.7355135140586,5,5
2,"3739015190",5,1809,-0.258324382406635,0.779764955090648,5,5
3,"3739015190",5,1809,0.943547155170052,0.45365763773724,5,5
4,"3739015190",5,1809,0.0731797359249119,0.692975757536866,5,5
5,"3739015190",5,1809,1.00101960835106,0.754027296109588,5,5
1,"324213409803627",8,1809,1.35461762634772,0.743362604702671,5,5
2,"324213409803627",8,1809,1.44793905860329,0.708236350340919,5,5
3,"324213409803627",8,1809,0.0536656854329752,0.822297211198476,5,5
4,"324213409803627",8,1809,1.13358935034907,0.761760266904529,5,5
5,"324213409803627",8,1809,0.371492960642345,0.783389727854799,5,5
1,"509174220457108419202",13,1809,2.3698129206185,0.738904824810289,5,5
2,"509174220457108419202",13,1809,0.561236990181296,0.880333300636428,5,5
3,"509174220457108419202",13,1809,1.98057833355682,0.830113910516211,5,5
4,"509174220457108419202",13,1809,0.645357660125514,0.842571736856532,5,5
5,"509174220457108419202",13,1809,1.01699901243443,0.854599308597972,5,5
1,"3092415422217907885867940750",21,1809,0.851605535654407,0.910818427975594,5,5
2,"3092415422217907885867940750",21,1809,2.63917391054588,0.909586946417718,5,5
3,"3092415422217907885867940750",21,1809,0.897413407986827,0.912145861198277,5,5
4,"3092415422217907885867940750",21,1809,1.01057344648089,0.913133491072981,5,5
5,"3092415422217907885867940750",21,1809,0.937422814663956,0.918405943380573,5,5
1,"9422181479737111999846218342264360",34,1809,0.910944045917447,0.949185648442267,5,5
2,"9422181479737111999846218342264360",34,1809,1.33826467741516,0.949246152995235,5,5
3,"9422181479737111999846218342264360",34,1809,1.63497852984571,0.930357120484428,5,5
4,"9422181479737111999846218342264360",34,1809,0.993476252338501,0.947113825870952,5,5
5,"9422181479737111999846218342264360",34,1809,2.42978139305703,0.939701101396769,5,5
1,"584311591210759700355976102253678060942",55,1809,2.34954945809946,0.944554299933292,5,5
2,"584311591210759700355976102253678060942",55,1809,1.85981196608656,0.959626045193234,5,5
3,"584311591210759700355976102253678060942",55,1809,2.33172565293868,0.946138419138262,5,5
4,"584311591210759700355976102253678060942",55,1809,2.77092658349776,0.953145946454693,5,5
5,"584311591210759700355976102253678060942",55,1809,2.12963742835059,0.958860876503179,5,5
1,"129375601383759063538906900357019296934693",91,1809,2.33982187681522,0.971508772701812,5,5
2,"129375601383759063538906900357019296934693",91,1809,2.6973923959032,0.969011584788422,5,5
3,"129375601383759063538906900357019296934693",91,1809,4.21919734812315,0.969707081568999,5,5
4,"129375601383759063538906900357019296934693",91,1809,3.21008066446824,0.964155330466395,5,5
5,"129375601383759063538906900357019296934693",91,1809,1.44229433825178,0.972653469951392,5,5
1,"158225580319639392153894952514297890988261",149,1809,5.54844696429994,0.970547422582438,5,5
2,"158225580319639392153894952514297890988261",149,1809,3.17908290947555,0.973276239036988,5,5
3,"158225580319639392153894952514297890988261",149,1809,3.66960102808548,0.975989165406919,5,5
4,"158225580319639392153894952514297890988261",149,1809,2.85115329813337,0.97942631294116,5,5
5,"158225580319639392153894952514297890988261",149,1809,3.33535725918227,0.970610982920909,5,5
1,"10298863598226186405623986721223267936701",245,1809,4.39235938221207,0.977782911497423,5,5
2,"10298863598226186405623986721223267936701",245,1809,4.19012111933213,0.978184441712572,5,5
3,"10298863598226186405623986721223267936701",245,1809,3.83575885941159,0.980184147746007,5,5
4,"10298863598226186405623986721223267936701",245,1809,4.68785137192618,0.975152491336084,5,5
5,"10298863598226186405623986721223267936701",245,1809,3.16018218719692,0.983251545234334,5,5
1,"57983463025235719752977300624770435678",404,1809,5.53785018440747,0.984809384683975,5,5
2,"57983463025235719752977300624770435678",404,1809,4.60463257855647,0.984442690423565,5,5
3,"57983463025235719752977300624770435678",404,1809,4.97646513019062,0.984937116518018,5,5
4,"57983463025235719752977300624770435678",404,1809,5.42526642114148,0.976600322507602,5,5
5,"57983463025235719752977300624770435678",404,1809,6.70412157034898,0.981553750808637,5,5
1,"5732504015535964551179003043482710",666,1809,5.55849369854809,0.989503682374321,5,5
2,"5732504015535964551179003043482710",666,1809,9.06157518384392,0.983206319608884,5,5
3,"5732504015535964551179003043482710",666,1809,8.75755949979936,0.990234626266738,5,5
4,"5732504015535964551179003043482710",666,1809,9.8401868684207,0.982323197598397,5,5
5,"5732504015535964551179003043482710",666,1809,8.16295631837849,0.985437654183477,5,5
1,"1490",2,2981,0,0.490587767028596,5,5
2,"1490",2,2981,0,0.187947349876963,5,5
3,"1490",2,2981,0,0.159223781253091,5,5
4,"1490",2,2981,0,0.423109076932616,5,5
5,"1490",2,2981,0,0.487623674077612,5,5
1,"740530",3,2981,0.333589066903825,0.566593682160786,5,5
2,"740530",3,2981,0.138617291852924,0.593467674788364,5,5
3,"740530",3,2981,-0.0989530541873305,0.55203316633209,5,5
4,"740530",3,2981,0.204883637602523,0.468270870382151,5,5
5,"740530",3,2981,0.37514320703325,0.493040514559334,5,5
1,"27511251048",5,2981,0.853952332152852,0.698639184251011,5,5
2,"27511251048",5,2981,0.273760887118398,0.745461950060323,5,5
3,"27511251048",5,2981,0.188565174410476,0.646465971841567,5,5
4,"27511251048",5,2981,0.984831927878671,0.650744213520022,5,5
5,"27511251048",5,2981,-0.113894933721449,0.738523676902165,5,5
1,"10537716254525879",8,2981,1.5532416949943,0.650626505045204,5,5
2,"10537716254525879",8,2981,0.962477018495947,0.801845884946605,5,5
3,"10537716254525879",8,2981,0.7363906259093,0.76036118721713,5,5
4,"10537716254525879",8,2981,0.252551019445705,0.803458693609229,5,5
5,"10537716254525879",8,2981,0.364457142091656,0.760740420066212,5,5
1,"187941043080534958038637",13,2981,0.669557887956349,0.845751596182059,5,5
2,"187941043080534958038637",13,2981,0.925278180187525,0.842543758913238,5,5
3,"187941043080534958038637",13,2981,0.938266201617043,0.888932601320158,5,5
4,"187941043080534958038637",13,2981,-0.227473054102164,0.900415817003158,5,5
5,"187941043080534958038637",13,2981,1.25734410358569,0.853223045968985,5,5
1,"45860409960805718632302037417080",21,2981,1.20649368095781,0.913746132978392,5,5
2,"45860409960805718632302037417080",21,2981,0.641765357234395,0.924309962199375,5,5
3,"45860409960805718632302037417080",21,2981,1.16699054253597,0.918574206022015,5,5
4,"45860409960805718632302037417080",21,2981,2.9776201238542,0.851314728267285,5,5
5,"45860409960805718632302037417080",21,2981,1.06968690389736,0.91743110593864,5,5
1,"27171422745226093758665344291116380468561",34,2981,0.799710480103471,0.94835017393509,5,5
2,"27171422745226093758665344291116380468561",34,2981,1.42941721406309,0.941809588874456,5,5
3,"27171422745226093758665344291116380468561",34,2981,1.49968534430988,0.94606397376834,5,5
4,"27171422745226093758665344291116380468561",34,2981,2.8772553954107,0.929682690136041,5,5
5,"27171422745226093758665344291116380468561",34,2981,1.0386387574266,0.940468207402333,5,5
1,"935681875360031342593009286274326343915798205179",55,2981,1.95424295607943,0.955472774513662,5,5
2,"935681875360031342593009286274326343915798205179",55,2981,1.99557063972897,0.95924754801206,5,5
3,"935681875360031342593009286274326343915798205179",55,2981,2.89611976652964,0.946237948244506,5,5
4,"935681875360031342593009286274326343915798205179",55,2981,1.31918777541302,0.965992491189588,5,5
5,"935681875360031342593009286274326343915798205179",55,2981,1.39048924137852,0.967242946803534,5,5
1,"75285649203643578377571111424104774420038155743700838",91,2981,0.976491624739071,0.977730704390695,5,5
2,"75285649203643578377571111424104774420038155743700838",91,2981,1.59666190006376,0.976931051979545,5,5
3,"75285649203643578377571111424104774420038155743700838",91,2981,1.92606373821441,0.977211481730261,5,5
4,"75285649203643578377571111424104774420038155743700838",91,2981,1.48005918197097,0.974120002552226,5,5
5,"75285649203643578377571111424104774420038155743700838",91,2981,3.24270719162118,0.961368101070843,5,5
1,"2828164621963887864651400379469695077172025321118049124",149,2981,1.90485914426028,0.984047125701961,5,5
2,"2828164621963887864651400379469695077172025321118049124",149,2981,2.95953369407711,0.979347789269421,5,5
3,"2828164621963887864651400379469695077172025321118049124",149,2981,3.24165619778781,0.98172874138244,5,5
4,"2828164621963887864651400379469695077172025321118049124",149,2981,2.22786477460607,0.982173692921096,5,5
5,"2828164621963887864651400379469695077172025321118049124",149,2981,2.27144083717309,0.979387625598375,5,5
1,"888560821061072949885591730393134962879488880262573257",245,2981,3.51825413430873,0.980325917436845,5,5
2,"888560821061072949885591730393134962879488880262573257",245,2981,4.42261132398072,0.982595462867196,5,5
3,"888560821061072949885591730393134962879488880262573257",245,2981,2.82367087554828,0.984513458321128,5,5
4,"888560821061072949885591730393134962879488880262573257",245,2981,3.19822689051961,0.987504784016765,5,5
5,"888560821061072949885591730393134962879488880262573257",245,2981,2.63177037766911,0.984010215205077,5,5
1,"19757629066537948537642793794420614670363183265700897",404,2981,3.92136420831749,0.985169744960845,5,5
2,"19757629066537948537642793794420614670363183265700897",404,2981,4.55921961361776,0.983078225158757,5,5
3,"19757629066537948537642793794420614670363183265700897",404,2981,4.61018700571858,0.983545458033947,5,5
4,"19757629066537948537642793794420614670363183265700897",404,2981,4.71684987325505,0.981445610863659,5,5
5,"19757629066537948537642793794420614670363183265700897",404,2981,4.35513822848656,0.979296699740197,5,5
1,"24588355491462891416850875000821626942736974076816",666,2981,5.59275787369785,0.989036344573442,5,5
2,"24588355491462891416850875000821626942736974076816",666,2981,5.6364315536863,0.9859779498042,5,5
3,"24588355491462891416850875000821626942736974076816",666,2981,6.21305972649041,0.983730010518366,5,5
4,"24588355491462891416850875000821626942736974076816",666,2981,5.44590482298311,0.988491464616394,5,5
5,"24588355491462891416850875000821626942736974076816",666,2981,6.22359330669306,0.98177510456755,5,5
1,"2457",2,4915,0,0.271723759661964,5,5
2,"2457",2,4915,0,0.484153291613586,5,5
3,"2457",2,4915,0,0.499922983703633,5,5
4,"2457",2,4915,0,0.499576751882718,5,5
5,"2457",2,4915,0,0.494637608417357,5,5
1,"2013102",3,4915,-0.158879433879169,0.477601131752509,5,5
2,"2013102",3,4915,0.278126671695558,0.397860764222712,5,5
3,"2013102",3,4915,-0.327449126155084,0.645838998477681,5,5
4,"2013102",3,4915,0.169473136591366,0.439878918211839,5,5
5,"2013102",3,4915,0.371786091096219,0.525010302300864,5,5
1,"203041350255",5,4915,0.374672007414897,0.73586225239033,5,5
2,"203041350255",5,4915,0.66917993380298,0.59116301644746,5,5
3,"203041350255",5,4915,-0.13500140069514,0.690289385473704,5,5
4,"203041350255",5,4915,1.03854382394347,0.448953056487241,5,5
5,"203041350255",5,4915,0.602645372528988,0.644087058840575,5,5
1,"345848735290480280",8,4915,0.305146137254445,0.827957764188561,5,5
2,"345848735290480280",8,4915,-0.0452220486694309,0.819116682483191,5,5
3,"345848735290480280",8,4915,0.774669575570266,0.739904190154291,5,5
4,"345848735290480280",8,4915,-0.101808749861994,0.827002273646911,5,5
5,"345848735290480280",8,4915,1.12901330434073,0.730306067853406,5,5
1,"72099529606296233764435488",13,4915,1.21258112633067,0.882657838389964,5,5
2,"72099529606296233764435488",13,4915,1.0083820422606,0.855493956776906,5,5
3,"72099529606296233764435488",13,4915,1.47426456073659,0.785852348520991,5,5
4,"72099529606296233764435488",13,4915,1.6948075026143,0.79105211794815,5,5
5,"72099529606296233764435488",13,4915,0.323358861755634,0.875989357221287,5,5
1,"795264655209883111828938806720118346",21,4915,0.979655731100459,0.902942453034237,5,5
2,"795264655209883111828938806720118346",21,4915,1.05266004983229,0.906786934343659,5,5
3,"795264655209883111828938806720118346",21,4915,1.55651342829892,0.89672534821363,5,5
4,"795264655209883111828938806720118346",21,4915,1.18684510255293,0.916648083544364,5,5
5,"795264655209883111828938806720118346",21,4915,2.19129111947034,0.875908387656281,5,5
1,"141292283414195594344569190834295374875238834687",34,4915,1.68805790666073,0.936129708606845,5,5
2,"141292283414195594344569190834295374875238834687",34,4915,1.0657004621508,0.943427732282992,5,5
3,"141292283414195594344569190834295374875238834687",34,4915,1.85603908133346,0.937598420348364,5,5
4,"141292283414195594344569190834295374875238834687",34,4915,1.09878693344103,0.949684576767406,5,5
5,"141292283414195594344569190834295374875238834687",34,4915,1.88345093419827,0.946472121694441,5,5
1,"9262674262626306649058907414943204909038726534981655376173",55,4915,1.29221374898294,0.966163042319637,5,5
2,"9262674262626306649058907414943204909038726534981655376173",55,4915,1.5858275577758,0.960410808774601,5,5
3,"9262674262626306649058907414943204909038726534981655376173",55,4915,2.53228844776933,0.951880275983686,5,5
4,"9262674262626306649058907414943204909038726534981655376173",55,4915,2.16378085605418,0.963284897168445,5,5
5,"9262674262626306649058907414943204909038726534981655376173",55,4915,1.61438593466232,0.966161303709346,5,5
1,"3086842850788605285980543046336023702763208640853845007616989117082",91,4915,1.47823199417361,0.973517943389607,5,5
2,"3086842850788605285980543046336023702763208640853845007616989117082",91,4915,2.25500175838218,0.975738728268665,5,5
3,"3086842850788605285980543046336023702763208640853845007616989117082",91,4915,1.65098718502878,0.979360501878837,5,5
4,"3086842850788605285980543046336023702763208640853845007616989117082",91,4915,1.60696101045227,0.978291836086305,5,5
5,"3086842850788605285980543046336023702763208640853845007616989117082",91,4915,1.99458880310224,0.978465117578695,5,5
1,"43712428720929552424400738428276333609657956903974674363123733151801531",149,4915,2.43603181643193,0.980927403706345,5,5
2,"43712428720929552424400738428276333609657956903974674363123733151801531",149,4915,2.37262939771908,0.984041834275253,5,5
3,"43712428720929552424400738428276333609657956903974674363123733151801531",149,4915,2.20687453690421,0.984635942249162,5,5
4,"43712428720929552424400738428276333609657956903974674363123733151801531",149,4915,2.10422188395149,0.982237653538434,5,5
5,"43712428720929552424400738428276333609657956903974674363123733151801531",149,4915,2.10694664618058,0.981617218037254,5,5
1,"4052",2,8104,0,0.0933992110461337,5,5
2,"4052",2,8104,0,0.112530654063804,5,5
3,"4052",2,8104,0,0.272869984135167,5,5
4,"4052",2,8104,0,0.173172255252303,5,5
5,"4052",2,8104,0,0.486774808779061,5,5
1,"5472901",3,8104,0.364041136809534,0.555714994313802,5,5
2,"5472901",3,8104,0.264315794620521,0.486929388580243,5,5
3,"5472901",3,8104,-0.33373723286601,0.601762447267458,5,5
4,"5472901",3,8104,0.378353506941669,0.343286260596452,5,5
5,"5472901",3,8104,0.161992137830971,0.608973643717555,5,5
1,"1499480694270",5,8104,1.02802839653307,0.410501492687852,5,5
2,"1499480694270",5,8104,0.802545777461552,0.620954461448358,5,5
3,"1499480694270",5,8104,0.0479763998478105,0.654362792580949,5,5
4,"1499480694270",5,8104,0.0916830752400508,0.72876077795178,5,5
5,"1499480694270",5,8104,0.072722196398829,0.735011393103865,5,5
1,"11394403868787491503",8,8104,0.771201714834417,0.708648136905325,5,5
2,"11394403868787491503",8,8104,0.421451182975562,0.783252655020762,5,5
3,"11394403868787491503",8,8104,1.26535900023715,0.702927039795589,5,5
4,"11394403868787491503",8,8104,1.03477708645588,0.799819675170464,5,5
5,"11394403868787491503",8,8104,-0.0321346897145984,0.796373209481089,5,5
1,"28223100007589937424532896729",13,8104,1.40199673009339,0.83656024251366,5,5
2,"28223100007589937424532896729",13,8104,0.801267737525638,0.884651888480358,5,5
3,"28223100007589937424532896729",13,8104,1.95537857936292,0.82000500770341,5,5
4,"28223100007589937424532896729",13,8104,1.23515204729605,0.846926590551849,5,5
5,"28223100007589937424532896729",13,8104,0.833031492506307,0.861371549179521,5,5
1,"15131456880284255011982969449650291766307",21,8104,0.752073281067775,0.916995184272766,5,5
2,"15131456880284255011982969449650291766307",21,8104,0.768575801267763,0.91402284248501,5,5
3,"15131456880284255011982969449650291766307",21,8104,1.5818786840165,0.900764335601641,5,5
4,"15131456880284255011982969449650291766307",21,8104,1.49044667198485,0.900266001506574,5,5
5,"15131456880284255011982969449650291766307",21,8104,3.0913750430375,0.867117404638027,5,5
1,"1079125320576503300975324257017315141370720950569324109",34,8104,1.38626757288227,0.94438047607168,5,5
2,"1079125320576503300975324257017315141370720950569324109",34,8104,1.63658830452137,0.939549705019349,5,5
3,"1079125320576503300975324257017315141370720950569324109",34,8104,0.50026481994163,0.954701022687296,5,5
4,"1079125320576503300975324257017315141370720950569324109",34,8104,1.53202749644336,0.941412702244952,5,5
5,"1079125320576503300975324257017315141370720950569324109",34,8104,2.32328077159318,0.941950655788666,5,5
1,"352858928787089427431627844382555386400222678817277594125275508457225",55,8104,1.18432212422227,0.966808768828526,5,5
2,"352858928787089427431627844382555386400222678817277594125275508457225",55,8104,0.71086977802975,0.96867246647482,5,5
3,"352858928787089427431627844382555386400222678817277594125275508457225",55,8104,2.4145087597913,0.96411568172494,5,5
4,"352858928787089427431627844382555386400222678817277594125275508457225",55,8104,1.41962136419761,0.966057735129399,5,5
5,"352858928787089427431627844382555386400222678817277594125275508457225",55,8104,1.58436422965639,0.960479889277497,5,5
1,"5510052498418010467613122556971412040970759206972052765854922461006356984197700137",91,8104,0.942223952941887,0.979811134910526,5,5
2,"5510052498418010467613122556971412040970759206972052765854922461006356984197700137",91,8104,1.96955033121209,0.973309129636541,5,5
3,"5510052498418010467613122556971412040970759206972052765854922461006356984197700137",91,8104,1.42572340832713,0.980247557907128,5,5
4,"5510052498418010467613122556971412040970759206972052765854922461006356984197700137",91,8104,1.52009053077761,0.978763427369176,5,5
5,"5510052498418010467613122556971412040970759206972052765854922461006356984197700137",91,8104,1.96942152473651,0.978813705393556,5,5
1,"892025588908664205693955231722974525851890115675932130831689358563203169969077346472927916",149,8104,2.48512303949963,0.981422802920377,5,5
2,"892025588908664205693955231722974525851890115675932130831689358563203169969077346472927916",149,8104,1.54194159316687,0.985683614248725,5,5
3,"892025588908664205693955231722974525851890115675932130831689358563203169969077346472927916",149,8104,2.38459379045786,0.983300143543607,5,5
4,"892025588908664205693955231722974525851890115675932130831689358563203169969077346472927916",149,8104,4.27270306883088,0.978660465527608,5,5
5,"892025588908664205693955231722974525851890115675932130831689358563203169969077346472927916",149,8104,2.004665579165,0.982420141078126,5,5
1,"6680",2,13360,0,0.247397002402381,5,5
2,"6680",2,13360,0,0.413339925687547,5,5
3,"6680",2,13360,0,0.230415385546273,5,5
4,"6680",2,13360,0,0.408474622611065,5,5
5,"6680",2,13360,0,0.485768033543691,5,5
1,"14874133",3,13360,-0.315298502249926,0.551060666839973,5,5
2,"14874133",3,13360,-0.38489554399387,0.599677617071247,5,5
3,"14874133",3,13360,0.245696890582814,0.434469425669619,5,5
4,"14874133",3,13360,0.384329656270909,0.0604786945569937,5,5
5,"14874133",3,13360,-0.350238709470688,0.595311738050844,5,5
1,"11070272674310",5,13360,0.599299769712863,0.696975980673384,5,5
2,"11070272674310",5,13360,0.573179113035412,0.677557314263688,5,5
3,"11070272674310",5,13360,-0.0834608227386561,0.788554627272401,5,5
4,"11070272674310",5,13360,0.116423695748595,0.679166057854351,5,5
5,"11070272674310",5,13360,-0.171754012415581,0.722780419699523,5,5
1,"375809646482361468434",8,13360,1.0387903119016,0.755753321201908,5,5
2,"375809646482361468434",8,13360,0.546438057233633,0.795675669618846,5,5
3,"375809646482361468434",8,13360,0.908165024289831,0.817931296837463,5,5
4,"375809646482361468434",8,13360,0.258545602925703,0.808665446054,5,5
5,"375809646482361468434",8,13360,0.568876528406267,0.760894405052171,5,5
1,"11161220111206988689882877294459",13,13360,1.55607793705837,0.819732970436373,5,5
2,"11161220111206988689882877294459",13,13360,0.390153376044117,0.860914451038044,5,5
3,"11161220111206988689882877294459",13,13360,0.618861114391919,0.860768896339058,5,5
4,"11161220111206988689882877294459",13,13360,0.339212360063584,0.872660435117788,5,5
5,"11161220111206988689882877294459",13,13360,-0.344948579566327,0.907720046434078,5,5
1,"303918374583125303736861252813398920549915027",21,13360,1.8339153375162,0.898409038958012,5,5
2,"303918374583125303736861252813398920549915027",21,13360,1.24863923364298,0.919518425723403,5,5
3,"303918374583125303736861252813398920549915027",21,13360,0.951012983012536,0.903079888127936,5,5
4,"303918374583125303736861252813398920549915027",21,13360,1.34640035357728,0.913773261859514,5,5
5,"303918374583125303736861252813398920549915027",21,13360,1.01425770803748,0.923740296353401,5,5
1,"10501890127421458771880235643734865856327000346717030539469118",34,13360,0.687147235954945,0.955809806285632,5,5
2,"10501890127421458771880235643734865856327000346717030539469118",34,13360,1.43211841503652,0.949225702786045,5,5
3,"10501890127421458771880235643734865856327000346717030539469118",34,13360,1.53409196390135,0.925905688622754,5,5
4,"10501890127421458771880235643734865856327000346717030539469118",34,13360,1.18572078518502,0.950541969952311,5,5
5,"10501890127421458771880235643734865856327000346717030539469118",34,13360,3.25989427539519,0.919524330829359,5,5
1,"34221843740239941610911541917778162394505605150510851917343726920330155373319999",55,13360,1.09754541833886,0.967929145451612,5,5
2,"34221843740239941610911541917778162394505605150510851917343726920330155373319999",55,13360,1.50144533268172,0.963505436731328,5,5
3,"34221843740239941610911541917778162394505605150510851917343726920330155373319999",55,13360,1.74555226388819,0.964372501254975,5,5
4,"34221843740239941610911541917778162394505605150510851917343726920330155373319999",55,13360,2.46693263700895,0.954590362687798,5,5
5,"34221843740239941610911541917778162394505605150510851917343726920330155373319999",55,13360,1.54288583733021,0.964575762397361,5,5
1,"208690535675937861429612537923066721780794238242066863735777428134537389369731188850718539666048153",91,13360,1.88578560312348,0.976710250905375,5,5
2,"208690535675937861429612537923066721780794238242066863735777428134537389369731188850718539666048153",91,13360,1.66416162711507,0.976011465093765,5,5
3,"208690535675937861429612537923066721780794238242066863735777428134537389369731188850718539666048153",91,13360,1.41099910542237,0.981129533597476,5,5
4,"208690535675937861429612537923066721780794238242066863735777428134537389369731188850718539666048153",91,13360,2.33082486865687,0.976371811018681,5,5
5,"208690535675937861429612537923066721780794238242066863735777428134537389369731188850718539666048153",91,13360,1.93539833660852,0.974908229947291,5,5
1,"19931991420435245256208305300215083853164468002424732431073126866865449054221462628385695701653728857255322062713",149,13360,3.18270878061554,0.984732735128545,5,5
2,"19931991420435245256208305300215083853164468002424732431073126866865449054221462628385695701653728857255322062713",149,13360,2.94513217247299,0.982398122915845,5,5
3,"19931991420435245256208305300215083853164468002424732431073126866865449054221462628385695701653728857255322062713",149,13360,1.99786698382378,0.984677180070996,5,5
4,"19931991420435245256208305300215083853164468002424732431073126866865449054221462628385695701653728857255322062713",149,13360,3.82541182762344,0.981859167144752,5,5
5,"19931991420435245256208305300215083853164468002424732431073126866865449054221462628385695701653728857255322062713",149,13360,2.13638422897794,0.983912339990677,5,5
1,"11013",2,22027,0,0.250270900254157,5,5
2,"11013",2,22027,0,0.173304421504812,5,5
3,"11013",2,22027,0,0.251424603888521,5,5
4,"11013",2,22027,0,0.462715307634444,5,5
5,"11013",2,22027,0,0.336471459954298,5,5
1,"40432394",3,22027,-0.185778844186329,0.57485746747427,5,5
2,"40432394",3,22027,-0.006474404581947,0.534468305837335,5,5
3,"40432394",3,22027,-0.216318884090768,0.622300292552756,5,5
4,"40432394",3,22027,0.256113998695861,0.421866122945325,5,5
5,"40432394",3,22027,0.362455173402401,0.338809795394072,5,5
1,"81776034764305",5,22027,0.385347369292799,0.713900573729115,5,5
2,"81776034764305",5,22027,0.431062353024109,0.735551468261745,5,5
3,"81776034764305",5,22027,0.996585254686691,0.616375080716271,5,5
4,"81776034764305",5,22027,-0.0627917060903,0.764136299629499,5,5
5,"81776034764305",5,22027,-0.955531389014194,0.753587146910002,5,5
1,"12419837753987741600396",8,22027,0.609227731742533,0.781230221034257,5,5
2,"12419837753987741600396",8,22027,0.326031337097763,0.837631457015977,5,5
3,"12419837753987741600396",8,22027,1.15519374169771,0.791154078931623,5,5
4,"12419837753987741600396",8,22027,0.251186885119345,0.806024321311058,5,5
5,"12419837753987741600396",8,22027,1.66903844903319,0.704742689931695,5,5
1,"4451708035923327245230388365540025",13,22027,2.02248263694463,0.805543057039975,5,5
2,"4451708035923327245230388365540025",13,22027,0.363500202057202,0.881523886347327,5,5
3,"4451708035923327245230388365540025",13,22027,0.793271104508438,0.842233278671236,5,5
4,"4451708035923327245230388365540025",13,22027,0.927167108581006,0.8437805198892,5,5
5,"4451708035923327245230388365540025",13,22027,0.618574638705684,0.839787137759336,5,5
1,"6335434215208560309748993722282720056963261636457",21,22027,1.64552322016132,0.904918209672591,5,5
2,"6335434215208560309748993722282720056963261636457",21,22027,1.70897108569654,0.874657708711943,5,5
3,"6335434215208560309748993722282720056963261636457",21,22027,0.850461182160863,0.912208585125645,5,5
4,"6335434215208560309748993722282720056963261636457",21,22027,2.09798076548414,0.856751134464214,5,5
5,"6335434215208560309748993722282720056963261636457",21,22027,1.46711435902544,0.919075191460187,5,5
1,"119833185866224936342780113245647715235089935126925541190070127851724",34,22027,1.57096984792759,0.93568868950375,5,5
2,"119833185866224936342780113245647715235089935126925541190070127851724",34,22027,1.02613964500011,0.948572579063352,5,5
3,"119833185866224936342780113245647715235089935126925541190070127851724",34,22027,1.47713403158487,0.946490725261674,5,5
4,"119833185866224936342780113245647715235089935126925541190070127851724",34,22027,1.12810750784085,0.947093315516816,5,5
5,"119833185866224936342780113245647715235089935126925541190070127851724",34,22027,1.15812669929918,0.944718313932639,5,5
1,"6252312279634078017049585117872160752348308036320815863467631219354030182856442634464170859",55,22027,0.996541875047342,0.969339405244098,5,5
2,"6252312279634078017049585117872160752348308036320815863467631219354030182856442634464170859",55,22027,2.88196822666409,0.964053639424093,5,5
3,"6252312279634078017049585117872160752348308036320815863467631219354030182856442634464170859",55,22027,1.57861939741321,0.963108382511499,5,5
4,"6252312279634078017049585117872160752348308036320815863467631219354030182856442634464170859",55,22027,1.19246710038929,0.963771707895548,5,5
5,"6252312279634078017049585117872160752348308036320815863467631219354030182856442634464170859",55,22027,0.986906467368307,0.969091992242054,5,5
1,"79254661895161645763690523849748209612303872164473502930713503329588848632880899066928464891272180508312416364281547",91,22027,0.914121994853357,0.981934124854743,5,5
2,"79254661895161645763690523849748209612303872164473502930713503329588848632880899066928464891272180508312416364281547",91,22027,0.827539875161877,0.981154086124701,5,5
3,"79254661895161645763690523849748209612303872164473502930713503329588848632880899066928464891272180508312416364281547",91,22027,2.38210772911761,0.970834357531005,5,5
4,"79254661895161645763690523849748209612303872164473502930713503329588848632880899066928464891272180508312416364281547",91,22027,1.40859674657201,0.980585247684103,5,5
5,"79254661895161645763690523849748209612303872164473502930713503329588848632880899066928464891272180508312416364281547",91,22027,1.51034839100955,0.979082249043753,5,5
1,"230150499596153851522920758170536478105335825597814800155367965964507225174338792085473284440514702321390763359026849849468046697729930887",149,22027,1.93303173758817,0.986660516592503,5,5
2,"230150499596153851522920758170536478105335825597814800155367965964507225174338792085473284440514702321390763359026849849468046697729930887",149,22027,2.24428451128826,0.984484019207297,5,5
3,"230150499596153851522920758170536478105335825597814800155367965964507225174338792085473284440514702321390763359026849849468046697729930887",149,22027,1.43811497607755,0.986922591930201,5,5
4,"230150499596153851522920758170536478105335825597814800155367965964507225174338792085473284440514702321390763359026849849468046697729930887",149,22027,1.67005809900127,0.986916210908106,5,5
5,"230150499596153851522920758170536478105335825597814800155367965964507225174338792085473284440514702321390763359026849849468046697729930887",149,22027,1.99797775883216,0.985716038758188,5,5
1,"18158",2,36316,0,0.206412217385544,5,5
2,"18158",2,36316,0,0.48227312499608,5,5
3,"18158",2,36316,0,0.374283036987287,5,5
4,"18158",2,36316,0,0.435751569355944,5,5
5,"18158",2,36316,0,0.309570065919519,5,5
1,"109904321",3,36316,-0.187356888144613,0.627026013754194,5,5
2,"109904321",3,36316,0.38032549348173,0.629373037027443,5,5
3,"109904321",3,36316,0.335134809118414,0.620941991531762,5,5
4,"109904321",3,36316,0.381425451581553,0.513721700369659,5,5
5,"109904321",3,36316,-0.124876811938898,0.537433952703176,5,5
1,"604114300520427",5,36316,0.667021868601141,0.762455094122414,5,5
2,"604114300520427",5,36316,0.0916111256644608,0.740671893932566,5,5
3,"604114300520427",5,36316,0.870726361070755,0.556172198312469,5,5
4,"604114300520427",5,36316,0.148821914715865,0.728619976253042,5,5
5,"604114300520427",5,36316,0.564304708711257,0.586138479832416,5,5
1,"410744609772041688151165",8,36316,1.07440070019035,0.787468437243493,5,5
2,"410744609772041688151165",8,36316,0.285164025858244,0.818746506734264,5,5
3,"410744609772041688151165",8,36316,0.840933467374231,0.780473939750819,5,5
4,"410744609772041688151165",8,36316,0.630536890568547,0.734447751347745,5,5
5,"410744609772041688151165",8,36316,0.838606335765188,0.755331450964725,5,5
1,"1783278445763500338026768950134561409",13,36316,0.0739619178006617,0.88501424833268,5,5
2,"1783278445763500338026768950134561409",13,36316,1.469310272871,0.805549482427995,5,5
3,"1783278445763500338026768950134561409",13,36316,1.57134123802476,0.822598725599397,5,5
4,"1783278445763500338026768950134561409",13,36316,1.48776686941067,0.853517817697942,5,5
5,"1783278445763500338026768950134561409",13,36316,0.92328798567556,0.857135346064221,5,5
1,"134910935743102754695598033947587581626823460463256680",21,36316,1.40418878704335,0.909706794240581,5,5
2,"134910935743102754695598033947587581626823460463256680",21,36316,1.61056073563093,0.913491518034456,5,5
3,"134910935743102754695598033947587581626823460463256680",21,36316,0.257902337168018,0.92737704878356,5,5
4,"134910935743102754695598033947587581626823460463256680",21,36316,0.894921413724452,0.903073353221258,5,5
5,"134910935743102754695598033947587581626823460463256680",21,36316,1.66054328047008,0.905524964435429,5,5
1,"1505915171266720472597149023750490778992683739522107698648736482849112061779",34,36316,1.73176821989344,0.932569343861165,5,5
2,"1505915171266720472597149023750490778992683739522107698648736482849112061779",34,36316,1.11214248364403,0.942747474133289,5,5
3,"1505915171266720472597149023750490778992683739522107698648736482849112061779",34,36316,2.23467777500305,0.931721271354074,5,5
4,"1505915171266720472597149023750490778992683739522107698648736482849112061779",34,36316,1.25040773711314,0.945738792666945,5,5
5,"1505915171266720472597149023750490778992683739522107698648736482849112061779",34,36316,1.42882668200258,0.937946762081214,5,5
1,"1711523015017559909634423591483278841354631426753774395543928920419628702710046857568482571561339893249",55,36316,1.15226416474053,0.965906298121781,5,5
2,"1711523015017559909634423591483278841354631426753774395543928920419628702710046857568482571561339893249",55,36316,0.729850754231637,0.968977335995803,5,5
3,"1711523015017559909634423591483278841354631426753774395543928920419628702710046857568482571561339893249",55,36316,1.45926505417903,0.966123488550484,5,5
4,"1711523015017559909634423591483278841354631426753774395543928920419628702710046857568482571561339893249",55,36316,2.57131097208665,0.957828755559639,5,5
5,"1711523015017559909634423591483278841354631426753774395543928920419628702710046857568482571561339893249",55,36316,1.1726509124468,0.964564409727001,5,5
1,"150698066246673230446160912227928642432680546411081024522995601992669746079070127077491000232697023757912624508861631301098426167507669",91,36316,1.38353794826416,0.978951928623589,5,5
2,"150698066246673230446160912227928642432680546411081024522995601992669746079070127077491000232697023757912624508861631301098426167507669",91,36316,2.87857039088343,0.972634591341091,5,5
3,"150698066246673230446160912227928642432680546411081024522995601992669746079070127077491000232697023757912624508861631301098426167507669",91,36316,1.851655885404,0.977830638166839,5,5
4,"150698066246673230446160912227928642432680546411081024522995601992669746079070127077491000232697023757912624508861631301098426167507669",91,36316,2.21173842288859,0.973720026368147,5,5
5,"150698066246673230446160912227928642432680546411081024522995601992669746079070127077491000232697023757912624508861631301098426167507669",91,36316,1.80424273347713,0.976548148407049,5,5
1,"419304286865437416368993123675742631765482472930445952146915466172976183120247657782188034523725729924224423144895141743656346213647823464224858604437498627258050833",149,36316,2.06413292398821,0.985785812170855,5,5
2,"419304286865437416368993123675742631765482472930445952146915466172976183120247657782188034523725729924224423144895141743656346213647823464224858604437498627258050833",149,36316,1.58210902636905,0.98708817982662,5,5
3,"419304286865437416368993123675742631765482472930445952146915466172976183120247657782188034523725729924224423144895141743656346213647823464224858604437498627258050833",149,36316,1.70102601401289,0.98479978027191,5,5
4,"419304286865437416368993123675742631765482472930445952146915466172976183120247657782188034523725729924224423144895141743656346213647823464224858604437498627258050833",149,36316,2.1438205694,0.986909818626361,5,5
5,"419304286865437416368993123675742631765482472930445952146915466172976183120247657782188034523725729924224423144895141743656346213647823464224858604437498627258050833",149,36316,2.18761857068273,0.985227132288314,5,5
