"s0","n0","nparts","nunique","mean_skew","sd_skew","range_skew","median_skew","median_simpson","mean_simpson","sd_simpson","range_simpson","log_nunique","log_nparts"
2,3,"1",1,0,NA,0,0,0.444444444444444,0.444444444444444,NA,0,0,0
2,5,"2",2,0,0,0,0,0.4,0.4,0.113137084989848,0.16,0.693147180559945,0.693147180559945
2,8,"4",4,0,0,0,0,0.421875,0.390625,0.126295371385231,0.28125,1.38629436111989,1.38629436111989
2,13,"6",6,0,0,0,0,0.390532544378698,0.358974358974359,0.136719259690296,0.355029585798817,1.79175946922805,1.79175946922805
2,21,"10",10,0,0,0,0,0.385487528344671,0.349206349206349,0.141634136693838,0.408163265306122,2.30258509299405,2.30258509299405
2,34,"17",17,0,0,0,0,0.389273356401384,0.347750865051903,0.144880053844673,0.442906574394464,2.83321334405622,2.83321334405622
2,55,"27",27,0,0,0,0,0.379504132231405,0.339393939393939,0.146311525038626,0.464132231404959,3.29583686600433,3.29583686600433
2,91,"45",45,0,0,0,0,0.377732157951938,0.336996336996337,0.147415050768563,0.478203115565753,3.80666248977032,3.80666248977032
2,149,"74",74,0,0,0,0,0.376649700463943,0.335570469798658,0.148064005889061,0.486644745732174,4.30406509320417,4.30406509320417
2,245,"122",122,0,0,0,0,0.376009995835069,0.33469387755102,0.148460261122596,0.491861724281549,4.80402104473326,4.80402104473326
2,404,"202",202,0,0,0,0,0.376231496912067,0.334568914812273,0.148745815829317,0.495061758651113,5.30826769740121,5.30826769740121
2,666,"333",333,0,0,0,0,0.375749623497371,0.334083332581831,0.148874420016302,0.497001506010515,5.80814248998044,5.80814248998044
2,1097,"548",548,0,0,0,0,0.375227374899141,0.333637192342753,0.148935184745714,0.4981780924025,6.30627528694802,6.30627528694802
2,1809,"904",904,0,0,0,0,0.375138006912798,0.333517597199189,0.148988747641048,0.49889487517269,6.80682936039218,6.80682936039218
2,2981,"1490",1488,0,0,0,0,0.37474822371047,0.333353747001629,0.149100355385282,0.499329252997937,7.30518821539304,7.30653139893951
2,4915,"2457",2412,0,0,0,0,0.375761785552769,0.33407551068498,0.148887828501993,0.499186475267751,7.78821155784708,7.80669637252118
2,8104,"4052",3709,0,0,0,0,0.376353669570997,0.333994645498664,0.148910745544244,0.499753238745275,8.21851757748959,8.30696586536857
2,13360,"6680",5137,0,0,0,0,0.37544869841156,0.33365313714925,0.149711343645579,0.499850310606332,8.54422453046727,8.80687326653069
2,22027,"11013",6537,0,0,0,0,0.375011349449546,0.334076470686131,0.148900152855297,0.499636874293508,8.78523362361273,9.30683167216494
2,36316,"18158",7661,0,0,0,0,0.374614197760207,0.334056149922899,0.148004034805557,0.49994492785549,8.94389780251682,9.8068665139317
3,5,"2",2,-2.4980018054066e-16,0.544331053951817,0.769800358919501,-2.4980018054066e-16,0.6,0.6,0.0565685424949237,0.0799999999999998,0.693147180559945,0.693147180559945
3,8,"5",5,0.0928966248319758,0.363005383727712,0.769800358919501,0.287409506829644,0.59375,0.5625,0.0988211768802619,0.25,1.6094379124341,1.6094379124341
3,13,"14",14,0.121756615360558,0.305271216861608,0.769800358919502,0.24761803447958,0.562130177514793,0.538461538461538,0.11069992268562,0.390532544378698,2.63905732961526,2.63905732961526
3,21,"37",37,0.111509107866624,0.282908628541308,0.769800358919501,0.231921018655196,0.54421768707483,0.525096525096525,0.118788233828658,0.489795918367347,3.61091791264422,3.61091791264422
3,34,"96",96,0.112537177827912,0.278632403556198,0.769800358919502,0.217100267198611,0.543252595155709,0.514705882352941,0.123058916154437,0.55363321799308,4.56434819146784,4.56434819146784
3,55,"252",252,0.109764832380084,0.274700115290776,0.769800358919505,0.212644106816799,0.536859504132231,0.509090909090909,0.125383361835633,0.595702479338843,5.52942908751142,5.52942908751142
3,91,"690",690,0.109016002360113,0.271912785084258,0.769800358919505,0.21062574033495,0.533872720685908,0.505494505494505,0.126899862679269,0.623354667310711,6.5366915975913,6.5366915975913
3,149,"1850",1844,0.108014475914753,0.270525104092986,0.769800358919505,0.207826562129518,0.532138191973335,0.503402897272318,0.127655318990912,0.640061258501869,7.51969240411654,7.52294091807237
3,245,"5002",4342,0.105174638512972,0.270774407845152,0.769800358919518,0.20551337743395,0.532644731361933,0.503169856103639,0.128626125224064,0.650428987921699,8.37609035043824,8.51759311143756
3,404,"13601",7048,0.106939837201785,0.269815999879866,0.769800358919517,0.210281896318494,0.530928340358788,0.501392803110932,0.130001679168573,0.651884619154985,8.86049916761602,9.51789859843275
3,666,"36963",8743,0.108780038023851,0.26853359952847,0.769800358919501,0.211708161922893,0.529407786164543,0.498846127814167,0.130346313346893,0.657684711738766,9.07600865918089,10.5176726912928
3,1097,"100284",9492,0.107289180275936,0.267728250322077,0.769800358919508,0.205577236963103,0.527770691427437,0.499678615100948,0.128508697727999,0.646747697582451,9.15820461755565,11.5157614397894
3,1809,"272707",9827,0.11093182829824,0.268207265265688,0.769800358919501,0.21345574959137,0.526324828165542,0.498074414396349,0.12980004248276,0.653463228663513,9.19288897836243,12.5161532377378
3,2981,"740530",9926,0.112570003447875,0.266059841083872,0.769800358919503,0.211517789703334,0.525607726267254,0.497084943623107,0.130354584536473,0.656613432652579,9.20291285614739,13.5151214250361
3,4915,"2013102",9981,0.109990815741994,0.267251886324141,0.769800358919501,0.211974007457493,0.528474441911271,0.498461194916004,0.130781367620439,0.655735416630015,9.20843856468659,14.515187373979
3,8104,"5472901",9996,0.108786867257608,0.26867827223518,0.769800358919501,0.212617461217109,0.529132704383976,0.500024352234674,0.128795032292821,0.654366142419036,9.20994029195484,15.5153193811629
3,13360,"14874133",9998,0.107894987511442,0.266685364932158,0.769800270846023,0.202043617208427,0.531092478217218,0.501337340564809,0.128925509210999,0.653403514826634,9.21014035197352,16.515134221983
3,22027,"40432394",9998,0.11277670308663,0.266199710715516,0.769800346173727,0.213791420170852,0.527808546846932,0.49894081775845,0.129950861592109,0.659937712609148,9.21014035197352,17.5151418533193
3,36316,"109904321",10000,0.103975274896777,0.269627683997072,0.769800222158939,0.202272215153778,0.529328264447618,0.500828769309629,0.128763102207185,0.660508667472353,9.21034037197618,18.5151207361624
5,8,"3",3,0.461644095262918,0.693717349235256,1.36543132653599,0.603738353924943,0.75,0.739583333333333,0.0477351634891233,0.09375,1.09861228866811,1.09861228866811
5,13,"18",18,0.410804915751109,0.578727291015638,2.1466252583998,0.512243296118661,0.727810650887574,0.706771860618014,0.0769959285058253,0.29585798816568,2.89037175789616,2.89037175789616
5,21,"101",101,0.427600997412144,0.483109186654409,2.1466252583998,0.44805646104039,0.712018140589569,0.688534159538403,0.087014330928249,0.462585034013606,4.61512051684126,4.61512051684126
5,34,"603",603,0.408051901497656,0.461547891707098,2.1466252583998,0.420516260996412,0.700692041522491,0.678886421410824,0.0901569807820321,0.581314878892734,6.40191719672719,6.40191719672719
5,55,"3765",3497,0.396018603789383,0.447423226265024,2.1466252583998,0.403691248273062,0.696859504132231,0.67457017467156,0.0899298086163074,0.661157024793388,8.15966073706338,8.23350314023399
5,91,"26455",8295,0.389095339494577,0.436606231389734,2.1466252583998,0.387080770290718,0.692911484120275,0.672190659329741,0.0889749547351854,0.714406472648231,9.02340820262454,10.1832004553382
5,149,"182702",9760,0.386874332934616,0.431658105478096,2.1466252583998,0.385782967091126,0.690509436511869,0.669832495360939,0.0903655945202163,0.683662898067655,9.18604767940714,12.1156116892137
5,245,"1302311",9964,0.378130405301907,0.427656692901362,2.13996543413644,0.378727830524114,0.690695543523532,0.670185612812539,0.0876111687385047,0.616576426488963,9.20673387638207,14.0796509365146
5,404,"9479319",9995,0.381770062871629,0.426088875734842,2.13151747332757,0.386680078647427,0.688988824625037,0.667922801955825,0.0890394776891421,0.65790118615822,9.2098402469345,16.0646230362079
5,666,"69340404",10000,0.38229938413443,0.422341305635169,2.1242182281419,0.378684285239127,0.688246805363922,0.668378634490346,0.0886108528503056,0.708983758533308,9.21034037197618,18.054538324567
5,1097,"507432854",10000,0.392933387419381,0.421098253138073,2.1056262255102,0.39656211535195,0.688076123745127,0.666919184749325,0.0892979865386296,0.645361635154798,9.21034037197618,20.0448749527377
5,1809,"3739015190",10000,0.383645901942224,0.418492838012152,2.12452456117448,0.382387327086083,0.686032707294557,0.666259332964806,0.0878324353136548,0.652831903378507,9.21034037197618,22.0420880955167
5,2981,"27511251048",10000,0.386053268901968,0.41911374111031,2.10781647852148,0.383571000045551,0.687415917494236,0.666538372523916,0.08824133071222,0.704022715259936,9.21034037197618,24.0378608869667
5,4915,"203041350255",10000,0.382651735365044,0.420519028547042,2.1386146754475,0.380670231877645,0.686661443936545,0.66634390185131,0.0884423099612462,0.687661186249662,9.21034037197618,26.0366754910825
5,8104,"1499480694270",10000,0.388291513478703,0.421326312272992,2.12539862555207,0.392934872654661,0.686594782389645,0.666818534757676,0.0883321933991703,0.663016216139837,9.21034037197618,28.0361399602743
5,13360,"11070272674310",10000,0.377731719990842,0.417831143506409,2.12581699734356,0.369492677351652,0.689484670255298,0.668811468732072,0.0881864900413059,0.666085284520779,9.21034037197618,30.0352844941714
5,22027,"81776034764305",10000,0.385287693996972,0.421923934690064,2.12300442942106,0.391255030637889,0.687708889461857,0.666429256040282,0.0887922154965838,0.706562093283911,9.21034037197618,32.0350053430706
5,36316,"604114300520427",10000,0.382625160032196,0.418479884681393,2.1109093143118,0.379987465715134,0.687556834283289,0.666818153872773,0.0898992240426709,0.69990396252663,9.21034037197618,34.0347845352321
8,13,"7",7,0.951255843057768,0.773871961524191,2.27882045571188,1.08406267380564,0.828402366863905,0.819949281487743,0.0402565710897401,0.118343195266272,1.94591014905531,1.94591014905531
8,21,"89",89,0.873786342777867,0.639934349689129,3.13651885354911,0.893040154249053,0.811791383219955,0.793345053377156,0.0621068289353754,0.331065759637188,4.48863636973214,4.48863636973214
8,34,"1297",1297,0.816208766175936,0.581006371112297,3.36132733010602,0.833611527638831,0.799307958477509,0.782488468197837,0.0664902793482092,0.51038062283737,7.16780918431644,7.16780918431644
8,55,"22122",8001,0.763512106001551,0.552721293601225,3.49970645857737,0.765900148371398,0.795371900826446,0.779003285746307,0.0653990680700836,0.578512396694215,8.98732181285012,10.0043278674622
8,91,"509267",9906,0.750965312114922,0.540204160608557,3.51430773682949,0.745659732436446,0.791691824658858,0.775950766086615,0.0660022021271994,0.687115082719478,9.20089591314818,13.140727715957
8,149,"12464395",9994,0.734186979811796,0.521698275869932,3.39472465183698,0.731626900064512,0.790054502049457,0.776254005184517,0.0602786901016686,0.506914102968335,9.20974019190415,16.3383867378614
8,245,"343116894",10000,0.708420545840944,0.513393439229685,3.18891011343776,0.693980187212005,0.789887546855477,0.776431970012495,0.0606438519510202,0.550737192836318,9.21034037197618,19.6535817459053
8,404,"10236379151",10000,0.715440977566317,0.505549116539155,3.50135461309951,0.702496110435852,0.788954514263308,0.776232776198412,0.0577263876656847,0.603237427703166,9.21034037197618,23.0492137954919
8,666,"317202410064",10000,0.687916952797464,0.504035200719084,3.24460983681364,0.677267050225572,0.790950860770681,0.778063120327535,0.0576768655759127,0.632506380254128,9.21034037197618,26.4828059246101
8,1097,"10022031335772",10000,0.697206599997261,0.500081760901046,3.15314715278392,0.686665775168581,0.789987444002829,0.777037870250264,0.0565769310610939,0.487797581703311,9.21034037197618,29.9358069191597
8,1809,"324213409803627",10000,0.692090242144649,0.504101222241305,3.28244636490527,0.674536032442176,0.789486019934111,0.777158523884478,0.0573884764937237,0.56228042271292,9.21034037197618,33.4124230871249
8,2981,"10537716254525879",10000,0.688402373201334,0.498146167214982,3.0876032654482,0.665385752808832,0.790186556679388,0.7777671237304,0.0565396828972981,0.583000398025693,9.21034037197618,36.893737240403
8,4915,"345848735290480280",10000,0.68946520625734,0.489581574093029,3.02662704273852,0.67898491108877,0.790136863816105,0.77749268505799,0.0560015073662716,0.572914811200376,9.21034037197618,40.3847778931354
8,8104,"11394403868787491503",10000,0.685581535509244,0.499065448257758,3.30621224090864,0.666342802663617,0.791048048006712,0.778301057543884,0.0558241153349517,0.483455850108511,9.21034037197618,43.8796540200651
8,13360,"375809646482361468434",10000,0.68797865429812,0.504276846153735,3.06804231896146,0.673422853953594,0.790206499426297,0.777614809077952,0.0568612822383795,0.549608963211302,9.21034037197618,47.3756144297348
8,22027,"12419837753987741600396",10000,0.689247830296537,0.499148005137397,3.12859664864326,0.675125173827326,0.790469551488695,0.777895544534383,0.0570238651035673,0.487584883695845,9.21034037197618,50.873581966009
8,36316,"410744609772041688151165",10000,0.681172138676141,0.497580820028133,3.0787456114822,0.665987624405749,0.791321825307421,0.778598466875115,0.0565517578500155,0.632225140531629,9.21034037197618,54.3722585868141
13,21,"22",22,1.56258327804474,0.814310637770607,3.23684657947053,1.62826445183627,0.884353741496599,0.87672644815502,0.0309299003900542,0.126984126984127,3.09104245335832,3.09104245335832
13,34,"747",747,1.39692369240017,0.717224549361482,4.19103883824011,1.39481101914415,0.865051903114187,0.854560108947902,0.0478807619210982,0.349480968858132,6.61606518513282,6.61606518513282
13,55,"35452",8701,1.26408075915524,0.661243399218227,4.38376904896085,1.22925830408097,0.860826446280992,0.849391340028362,0.0479717603242941,0.457520661157025,9.07119324056602,10.4759349478583
13,91,"3100410",9983,1.19030225259153,0.627624123302293,3.83977942487753,1.15864759336457,0.859316507668156,0.848915974449161,0.0454870281157223,0.519502475546432,9.20863892533642,14.9470449187746
13,149,"372681359",10000,1.11977394523784,0.603994920317695,3.80138614601093,1.07714522577405,0.860681951263457,0.850913517409126,0.041294208219734,0.385027701454889,9.21034037197618,19.7362343470999
13,245,"65905592635",10000,1.0686517378421,0.583293407745916,3.69998378983062,1.02505589510674,0.861740941274469,0.853002498958767,0.0381769501766293,0.405231153685964,9.21034037197618,24.911489140332
13,404,"15663609975239",10000,1.03826599633572,0.576878259246391,3.63728262496201,0.990702272219967,0.861784383883933,0.854360771002843,0.0353214755233067,0.399201058719733,9.21034037197618,30.382361301971
13,666,"4480895795755228",10000,1.01747373967394,0.565433373565216,3.53185354593469,0.962721588606499,0.862605849092336,0.85541750849949,0.0345743873025692,0.409927945963982,9.21034037197618,36.038599375759
13,1097,"1440400848181570978",10000,1.00574663125973,0.557356266617737,3.46823814925861,0.956905193912578,0.862639385279651,0.856181093875814,0.033087839765709,0.336096871470963,9.21034037197618,41.8114531155366
13,1809,"509174220457108419202",10000,1.0093458845544,0.561443025355364,3.73938106245869,0.956069825820224,0.863082474734002,0.855911150652976,0.0338943982015747,0.335763599544199,9.21034037197618,47.6793219117554
13,2981,"187941043080534958038637",10000,0.994682824515882,0.553712229193307,3.34830567305528,0.94549787484111,0.86320485967203,0.856616733846397,0.0325566412296065,0.331775177713352,9.21034037197618,53.5904152658865
13,4915,"72099529606296233764435488",10000,0.988918109723287,0.551681516935009,3.52745056584506,0.93787506836324,0.863865323935179,0.857211902004473,0.0318734805589571,0.300815677297372,9.21034037197618,59.5400897519422
13,8104,"28223100007589937424532896729",10000,0.994438284855613,0.553906332939734,3.64889943603126,0.941556203297598,0.863197972263828,0.856658402036482,0.0321957675561342,0.288381135319816,9.21034037197618,65.509938302669
13,13360,"11161220111206988689882877294459",10000,0.997076873216697,0.556161023739964,3.72789817857215,0.940453823268681,0.863518283418194,0.856769621372898,0.0323290147512281,0.330196818189967,9.21034037197618,71.4899980697598
13,22027,"4451708035923327245230388365540025",10000,0.978005362485712,0.544122415097247,3.50901907904591,0.92675753448902,0.863715393520611,0.857243267141105,0.0320460978227016,0.369663855072775,9.21034037197618,77.4785959196358
13,36316,"1783278445763500338026768950134561409",10000,0.983953483312714,0.551294776936804,3.37422219566156,0.926133508321238,0.86397511882487,0.857239266159701,0.0322449412782844,0.306048922904954,9.21034037197618,83.4715168414752
21,34,"101",101,2.24142395753753,0.895248353186579,4.40439456281257,2.22941288920805,0.918685121107266,0.91358045839186,0.0244335452699485,0.134948096885813,4.61512051684126,4.61512051684126
21,55,"12038",6841,1.97030767117454,0.799958275000522,5.08564641324281,1.91367980613317,0.902479338842975,0.894867576510611,0.0362844178482221,0.362314049586777,8.830689198761,9.39582359210772
21,91,"3193032",9988,1.76059708286841,0.738195820904384,5.14057061257123,1.69480422298768,0.900374350923801,0.892544474453755,0.0350414522758536,0.408646298756189,9.20913965139966,14.9764814935697
21,149,"1656774044",10000,1.61782040008854,0.69744789499558,4.2474258188154,1.55508765400409,0.902211612089545,0.895517418134318,0.0302789705833397,0.301427863609747,9.21034037197618,21.2281382015782
21,245,"2073871870690",10000,1.49972356799547,0.658925291242801,4.28077118348624,1.42295703644443,0.904589754269055,0.899308128279883,0.0262899931356848,0.348854643898376,9.21034037197618,28.3604384449895
21,404,"5828389627334616",10000,1.41082563472902,0.635988659183784,4.59232892833984,1.33777675007189,0.907355896480737,0.902556828987354,0.0233907571243742,0.276786589550044,9.21034037197618,36.3015171353904
21,666,"30750153337654075203",10000,1.36019208122865,0.631773501267468,4.06546057029899,1.28088550815972,0.909057706355004,0.904634654925195,0.021343480169656,0.229071413756099,9.21034037197618,44.8724266547233
21,1097,"257825170465935452062058",10000,1.32127276111107,0.618382839334653,4.13760270439417,1.23962447302176,0.910283203798542,0.906278500160793,0.0199966139337875,0.281156281862609,9.21034037197618,53.906568674246
21,1809,"3092415422217907885867940750",10000,1.28282544212374,0.593067657384606,4.11253374983072,1.20861729097147,0.911475116280278,0.907749727805906,0.0185524907976823,0.189347470619386,9.21034037197618,63.2987499864265
21,2981,"45860409960805718632302037417080",10000,1.26026451639632,0.590002821239871,4.12757265590751,1.18042193092526,0.911942695103204,0.908405494104955,0.0178938582817445,0.224786501471187,9.21034037197618,72.9031550066095
21,4915,"795264655209883111828938806720118346",10000,1.25350567880414,0.591396179094852,4.01974186733708,1.17421757864521,0.91203352206224,0.908628977707497,0.0179114921778535,0.189248558143578,9.21034037197618,82.6639830276941
21,8104,"15131456880284255011982969449650291766307",10000,1.25265460800076,0.594890964730808,4.06622127460454,1.1739698683382,0.912292635886487,0.908809510126378,0.0177840026021981,0.183745562378127,9.21034037197618,92.5175944407641
21,13360,"303918374583125303736861252813398920549915027",10000,1.24071554113813,0.589494576484766,3.96181177899155,1.1594971465236,0.912463796209975,0.909057772080838,0.0175729693183143,0.24679870423823,9.21034037197618,102.425333066442
21,22027,"6335434215208560309748993722282720056963261636457",10000,1.24667325976621,0.584788296423616,3.72809418983483,1.17052194960853,0.912139599598984,0.908977655537006,0.0172522484801304,0.215234373261791,9.21034037197618,112.370242817397
21,36316,"134910935743102754695598033947587581626823460463256680",10000,1.23966375722555,0.586197916620871,4.59790620342767,1.16335614105805,0.91220419073361,0.909048346655092,0.0173113155816954,0.179844498016159,9.21034037197618,122.336454568177
34,55,"792",792,2.97294980342918,1.00934691098256,5.78952319039763,2.90771052700644,0.942809917355372,0.938838801235495,0.018636477205412,0.138842975206612,6.67456139181443,6.67456139181443
34,91,"609646",9930,2.55479284163266,0.898637305051402,5.51771642012842,2.47079855436082,0.92814877430262,0.922819013373776,0.0269901709270256,0.278227267238256,9.20331575703922,13.3206337398252
34,149,"942333531",10000,2.25986560228103,0.809598864971223,5.34544776717253,2.16513883631665,0.927796045223188,0.922668978874825,0.0246801759345646,0.34971397684789,9.21034037197618,20.6638698367527
34,245,"5508427361736",10000,2.071749285075,0.768247221387322,5.1421438476078,1.97190892500798,0.930379008746356,0.925999043731778,0.0213464250176821,0.246730528946272,9.21034037197618,29.3373002830618
34,404,"146654545794032872",10000,1.90209672191302,0.719037762215154,4.99679277408815,1.8117909082679,0.933977061072444,0.930756017792373,0.01729640293129,0.19257915890599,9.21034037197618,39.5268561874264
34,666,"16960533556000831078905",10000,1.76417913025819,0.696248221427815,5.06490969854598,1.66316837126116,0.937396856315775,0.934678709339971,0.0147678086586476,0.190519348177006,9.21034037197618,51.1851760424137
34,1097,"7236699666360942427462462654",10000,1.65843127831768,0.65483038804401,4.72763581650136,1.55730146922335,0.939796860419026,0.937473341814794,0.012641509443702,0.1193708872046,9.21034037197618,64.1489627661192
34,1809,"9422181479737111999846218342264360",10000,1.59006091648488,0.639226893330048,4.77400853550459,1.49134431960639,0.941457261325581,0.939448493971394,0.0111573960585218,0.12321843885419,9.21034037197618,78.2283747101713
34,2981,"27171422745226093758665344291116380468561",10000,1.54040614429272,0.620204625981166,4.77849465990978,1.45233441150897,0.942548924132162,0.940853542411793,0.0102650818178194,0.117323615369666,9.21034037197618,93.1029844133999
34,4915,"141292283414195594344569190834295374875238834687",10000,1.50744302982745,0.615842245645496,4.67686355564838,1.4158446122138,0.943184575215075,0.941503385376425,0.00982400448437259,0.103872940704075,9.21034037197618,108.567159861567
34,8104,"1079125320576503300975324257017315141370720950569324109",10000,1.49522542593561,0.614475289335156,4.70122448100274,1.39965140554225,0.943479202134346,0.941900529438864,0.00952561476500894,0.0880670910444576,9.21034037197618,124.415745846323
34,13360,"10501890127421458771880235643734865856327000346717030539469118",10000,1.4695951692633,0.601542010831672,4.68164751630323,1.3741573209561,0.943940705789021,0.94232707583411,0.00928814210482479,0.100714416974434,9.21034037197618,140.506660832741
34,22027,"119833185866224936342780113245647715235089935126925541190070127851724",10000,1.45954677537038,0.59331375962073,4.31871680005584,1.3743260465734,0.944171386553376,0.942671090797742,0.00899215166420911,0.110321412680631,9.21034037197618,156.756716795498
34,36316,"1505915171266720472597149023750490778992683739522107698648736482849112061779",10000,1.45152298416438,0.588830834729393,4.4758603982943,1.35590880390599,0.944194878548967,0.942656945547491,0.00910071024575373,0.0854718302796246,9.21034037197618,173.103282775165
55,91,"17977",7678,3.73447204502081,1.14457839801593,7.64019671228839,3.61973760225691,0.958096848206738,0.95513910190065,0.0142702594271884,0.143702451394759,8.94611437556074,9.79684844204642
55,149,"92522935",10000,3.1919284152323,1.00503285814694,6.65548810915366,3.06697120877107,0.946353767848295,0.9424123237692,0.0197176733369263,0.190982388180713,9.21034037197618,18.3429671176951
55,245,"1587802425731",10000,2.83935328347146,0.904442625118197,6.25359346376922,2.70828135850685,0.945539358600583,0.942176259891712,0.017766348291927,0.204048313202832,9.21034037197618,28.0933720539671
55,404,"188230052827681570",10000,2.54944448302117,0.83121207832699,6.5726469582691,2.41882754052973,0.949085873933928,0.946458368052152,0.0149347379473098,0.193988334477012,9.21034037197618,39.7764412949017
55,666,"224667994315288971716046",10000,2.29454946913708,0.777592483483054,6.33455416144189,2.17251403553491,0.953748793838884,0.951681149167185,0.0115398372442362,0.159650641632624,9.21034037197618,53.7689106845169
55,1097,"3246722222029525681182826112810",10000,2.11234511183166,0.72915228671533,5.96630445439364,1.98525777330733,0.957288004327706,0.955760009606044,0.00899167658368239,0.135481785494375,9.21034037197618,70.2551987301694
55,1809,"584311591210759700355976102253678060942",10000,1.95449220706569,0.684477152727438,5.25906061580284,1.8401627765979,0.95998021073308,0.958698452825242,0.00756867230286857,0.0962896346838988,9.21034037197618,89.2634977349223
55,2981,"935681875360031342593009286274326343915798205179",10000,1.84582352688763,0.649131995636986,4.91151034342387,1.74320567362696,0.961673963054168,0.96069524296841,0.00633991115695232,0.0680816365664191,9.21034037197618,110.457604726686
55,4915,"9262674262626306649058907414943204909038726534981655376173",10000,1.76268331078941,0.626609536184142,5.20499092706937,1.65022961020353,0.962937754646902,0.962070396935078,0.00565798686641807,0.0566158571607459,9.21034037197618,133.473343104885
55,8104,"352858928787089427431627844382555386400222678817277594125275508457225",10000,1.7142366740851,0.60917635609114,5.42436091293341,1.60696291278811,0.963654804910302,0.962831796839751,0.00526231888949035,0.0599950824376881,9.21034037197618,157.836684479501
55,13360,"34221843740239941610911541917778162394505605150510851917343726920330155373319999",10000,1.66415897896513,0.584495030550288,5.25715424872638,1.565110767641,0.964159368388971,0.963504984167145,0.00485801051193435,0.0509584760120477,9.21034037197618,183.134501399573
55,22027,"6252312279634078017049585117872160752348308036320815863467631219354030182856442634464170859",10000,1.64503831152543,0.587601541977427,5.15740553642027,1.54054952951129,0.964520993644104,0.963779927076171,0.00477411510059294,0.0510198826156162,9.21034037197618,209.065609729534
55,36316,"1711523015017559909634423591483278841354631426753774395543928920419628702710046857568482571561339893249",10000,1.63512342813181,0.576099686918729,5.121827971314,1.54325449272726,0.964671270857278,0.963958166791555,0.00468210074669763,0.0569614605751444,9.21034037197618,235.401063111569
91,149,"715220",9929,4.67084427691195,1.33722112077086,8.22998689395423,4.49934324291562,0.970226566370884,0.968017657588145,0.0102107260000483,0.11873339038782,9.20321504703359,13.4803454666563
91,245,"60347612270",10000,3.95312151559869,1.14729338781373,7.8232989631083,3.79714129046924,0.959466888796335,0.957077547688463,0.0139345205999015,0.148538109121199,9.21034037197618,24.8233872190014
91,404,"22714041311495409",10000,3.46030970695183,1.00992754154304,7.44943465191527,3.29068427668145,0.95887658072738,0.956777727673757,0.01266688286498,0.19222380158808,9.21034037197618,37.6617596881464
91,666,"111745788850746178493046",10000,3.09266177652818,0.910307725994781,6.78321446294371,2.94428429053931,0.962410608807005,0.960731896310725,0.0101273640570343,0.105930254578903,9.21034037197618,53.0705135019964
91,1097,"15899863866212300281485778446925",10000,2.76621815662348,0.820493372386087,6.28919421812544,2.62158670327251,0.966798486632558,0.965562041168048,0.00771032754478452,0.0754539811485538,9.21034037197618,71.8438633371375
91,1809,"129375601383759063538906900357019296934693",10000,2.50342527042475,0.753293076654726,7.07029348070378,2.37255959629061,0.970362853138032,0.969522879674473,0.00585331301139295,0.0739139509136951,9.21034037197618,94.6635384391535
91,2981,"75285649203643578377571111424104774420038155743700838",10000,2.29886175242593,0.698321224615025,5.9459457940674,2.1767031544833,0.973094048283656,0.972429908890715,0.0045452680952239,0.0495660709710083,9.21034037197618,121.753129277714
91,4915,"3086842850788605285980543046336023702763208640853845007616989117082",10000,2.12117828217377,0.65168374261715,6.52853823960625,2.01525651407521,0.975041711123691,0.974546169214386,0.00362449168628386,0.0357669392904194,9.21034037197618,153.097764975057
91,8104,"5510052498418010467613122556971412040970759206972052765854922461006356984197700137",10000,1.99958309094084,0.613975340720713,5.35347696580636,1.88979303927001,0.976337550759183,0.97588327425234,0.00308601898385456,0.0268131394536378,9.21034037197618,188.215966683481
91,13360,"208690535675937861429612537923066721780794238242066863735777428134537389369731188850718539666048153",10000,1.90467339989605,0.589690233167644,5.20249181662749,1.80542872679247,0.977214767695149,0.976792992350255,0.00281535333413288,0.0247816007207143,9.21034037197618,226.389021391542
91,22027,"79254661895161645763690523849748209612303872164473502930713503329588848632880899066928464891272180508312416364281547",10000,1.84190380910762,0.571932479781915,4.92875195176415,1.739149214514,0.977729544496488,0.977384027344543,0.00251400195610423,0.0204347038737579,9.21034037197618,266.867366837524
91,36316,"150698066246673230446160912227928642432680546411081024522995601992669746079070127077491000232697023757912624508861631301098426167507669",10000,1.80695803309408,0.557398708347693,5.41861343924243,1.71469163144914,0.978021758950309,0.977698899928757,0.00242393963660552,0.0244996751174151,9.21034037197618,308.956510548957
149,245,"118114304",10000,5.62419511785082,1.54946377540942,9.99320441289549,5.37320972318695,0.978092461474386,0.976574877134527,0.0075153656652118,0.0920283215326948,9.21034037197618,18.5871633915303
149,404,"338851247133583",10000,4.75215210151612,1.27297117936168,9.07315178302164,4.53876101140491,0.969071659641212,0.967472675472993,0.00973203950523459,0.11114106460151,9.21034037197618,33.4565823279926
149,666,"5838828710429811709611",10000,4.14303668906212,1.12134614973127,8.80077332296091,3.93417339832561,0.968529340150962,0.967062386260134,0.00892939603552341,0.111453796138481,9.21034037197618,50.118817166317
149,1097,"2874744073304952446124757934939",10000,3.67251507784697,0.983020224222091,7.91194165504185,3.50498304363075,0.971510101719366,0.970426813493999,0.00712237163904087,0.0800658795139475,9.21034037197618,70.1335164421275
149,1809,"158225580319639392153894952514297890988261",10000,3.26989934207205,0.874871965267155,7.4944412110173,3.11315106776652,0.975433623602398,0.974623337156121,0.00529531231682389,0.048871177556111,9.21034037197618,94.8648403651086
149,2981,"2828164621963887864651400379469695077172025321118049124",10000,2.93070229447495,0.783999564550867,6.99781255822734,2.78275611846373,0.978809211104523,0.978236225627116,0.00387635670991381,0.0345252685548112,9.21034037197618,125.379222979463
149,4915,"43712428720929552424400738428276333609657956903974674363123733151801531",10000,2.65250712418716,0.707450300508185,6.17090348288096,2.52512477287887,0.981392647541264,0.980998294762747,0.002890921164866,0.0270464012319296,9.21034037197618,162.656003888344
149,8104,"892025588908664205693955231722974525851890115675932130831689358563203169969077346472927916",10000,2.41513882010565,0.629922537854224,6.18938927139608,2.30161693270525,0.983255407978608,0.982986037168342,0.00217246737753603,0.0190328055125423,9.21034037197618,207.118397909768
149,13360,"19931991420435245256208305300215083853164468002424732431073126866865449054221462628385695701653728857255322062713",10000,2.24553203994602,0.606185179768223,7.19216332806797,2.1399573093347,0.984524969522034,0.984295024001398,0.00178837253482261,0.0184466321847323,9.21034037197618,258.579271372316
149,22027,"230150499596153851522920758170536478105335825597814800155367965964507225174338792085473284440514702321390763359026849849468046697729930887",10000,2.10019211493109,0.572405852993695,6.94276931678395,2.00164637794963,0.985354216668129,0.985176162480889,0.00151953331266935,0.0173724068516027,9.21034037197618,316.287720995199
149,36316,"419304286865437416368993123675742631765482472930445952146915466172976183120247657782188034523725729924224423144895141743656346213647823464224858604437498627258050833",10000,2.00656567177899,0.541016730677463,5.29351468065809,1.91331228556175,0.985898527635692,0.985749148112205,0.00133379327872288,0.0139769678574119,9.21034037197618,379.057381943022
245,404,"97662728555",10000,6.78095324964294,1.76066147198656,11.8725257487877,6.48588085304447,0.983555533771199,0.98255079649054,0.00529947641175601,0.0552151749828448,9.21034037197618,25.30478583452
245,666,"24167048176397232630",10000,5.62429738964644,1.42413022143899,11.2690451688229,5.37487059585643,0.976589201814427,0.975421996771546,0.00691807138723611,0.0843726609492375,9.21034037197618,44.6315217335703
245,1097,"54836444519972219502670097392",10000,4.87843485943742,1.20191981730564,10.6712674679805,4.68241800707325,0.975706513745535,0.974807943434028,0.00622266041966585,0.0686067662781316,9.21034037197618,66.174152529733
245,1809,"10298863598226186405623986721223267936701",10000,4.31698681532693,1.06287108403478,9.74775296736465,4.12126663671491,0.978036236115657,0.977381139202947,0.00490893623388663,0.0423580763341331,9.21034037197618,92.1328521856472
245,2981,"888560821061072949885591730393134962879488880262573257",10000,3.81003883712116,0.908939664207997,9.12231121798346,3.64599712415142,0.981315411336541,0.980813769078254,0.00369387379135553,0.0368139444256204,9.21034037197618,124.22144284159
404,666,"576672674947168",10000,8.02835868294117,2.01005684788701,14.9933795422329,7.69944796605811,0.987674611548485,0.986996951005059,0.00381800060071283,0.0561417273128985,9.21034037197618,33.9882959336815
404,1097,"43397921467603356642305679",10000,6.63290591252929,1.60087169734777,14.3231609854312,6.32247434452305,0.982013596374965,0.981296234281113,0.00482624353912264,0.0460325624953777,9.21034037197618,59.032453779365
404,1809,"57983463025235719752977300624770435678",10000,5.73392239932538,1.34237385574923,12.9030558797329,5.48173521802163,0.981302259661706,0.98069067964031,0.00439494463395733,0.0488919568975343,9.21034037197618,86.953221197423
404,2981,"19757629066537948537642793794420614670363183265700897",10000,5.01936091531764,1.11131783580656,10.1383005055421,4.80846752657091,0.983049079370059,0.982594676606093,0.00344534635693989,0.0315971858446894,9.21034037197618,120.415379441306
666,1097,"43955477170518116534",10000,9.38798121783102,2.20137588763461,17.6959179707227,9.01785079491743,0.990688120165297,0.990292850726561,0.00258232859269084,0.0248494069763481,9.21034037197618,45.2297089130242
666,1809,"5732504015535964551179003043482710",10000,7.76002535669408,1.77585849176532,16.8938705499102,7.40662411448404,0.986125205921746,0.985640310577815,0.00336426896742014,0.0347375584457175,9.21034037197618,77.7314605050392
666,2981,"24588355491462891416850875000821626942736974076816",10000,6.66956144385976,1.41333623867245,16.3282030728763,6.41411847501789,0.985481121012302,0.985087032633493,0.0030075335065783,0.0303321010703932,9.21034037197618,113.72635744058
