"community_name","s0","n0","nparts","ncomparisons","mean_r2","mean_r2_log","mean_cd","mean_prop_off","mean_div","lognparts"
"10_100",10,100,2977866,4998,0.517757197434227,0.486689271773638,0.816962406316635,0.172605042016807,0.10599304044688,14.9067174945717
"10_11499",10,11499,2.70616803309009e+24,5000,0.654253138041105,0.411910005751968,0.85253767157483,0.151937020610488,0.0879957668050286,56.2575758561634
"10_1212",10,1212,4871905538019806,5000,0.654057768070492,0.511510912290905,0.851266274100205,0.153910066006601,0.0884027348773902,36.1222615363823
"10_128",10,128,21004018,4998,0.550587917342892,0.503545957420047,0.825678928296134,0.16640718787515,0.0991341248126688,16.8602243107191
"10_14",10,14,5,10,-0.124594155844156,0.333847110973034,0.559629028379029,0.114285714285714,0.0734543557879456,1.6094379124341
"10_14765",10,14765,2.55977991921651e+25,4999,0.669525096023741,0.440420331897644,0.85651648992565,0.15001739257435,0.0852825320793252,58.504548610591
"10_1557",10,1557,45139377082952496,5000,0.65574173858001,0.472094627492147,0.850909008714366,0.152128452151574,0.0865336990200415,38.3485313665361
"10_165",10,165,164694398,5000,0.600653979480964,0.522062210627834,0.829952072622622,0.164421818181818,0.0968142665812696,18.9196021812118
"10_18",10,18,22,231,-0.295057022051166,0.316036402327955,0.634354695865695,0.150553150553151,0.100330596802729,3.09104245335832
"10_18959",10,18959,2.42335798711673e+26,4999,0.65647284624532,0.418811422524345,0.853395914776028,0.15144536370748,0.0876428155118155,60.7523665941715
"10_1999",10,1999,418537721802553920,5000,0.654083433677127,0.484127126161438,0.849862591651126,0.152204402201101,0.0873892872178744,40.5755434165072
"10_211",10,211,1261252465,4999,0.59286916055587,0.50339871931637,0.834081349730426,0.163770194797253,0.0980412766175231,20.9553710840405
"10_23",10,23,97,3071,0.0572887443334616,0.259538370331569,0.716760814997684,0.166706780116943,0.108841369484123,4.57471097850338
"10_24344",10,24344,2.29514071741044e+27,4998,0.661699550925147,0.430026357082855,0.85437722662508,0.149954444479073,0.0859816435224249,63.0005916672479
"10_2566",10,2566,3892915448226241024,4999,0.667370019867275,0.46673692302321,0.852212274740058,0.151376806928026,0.0862933950327067,42.8056900233606
"10_271",10,271,10369163991,5000,0.62249889029739,0.481694364743182,0.84182151940457,0.15989741697417,0.0943848365990879,23.0621022379053
"10_29",10,29,423,4863,-0.115360385869289,0.226338745546872,0.742932621454485,0.174987768299687,0.113372458174024,6.04737217904628
"10_31258",10,31258,2.17426149417588e+28,5000,0.663273594805782,0.391457996643901,0.853480434156714,0.151497395866658,0.0877277860268542,65.2490716678085
"10_3295",10,3295,3.646122043151e+19,5000,0.668356471656101,0.448197512359886,0.856949472244981,0.150779787556904,0.0862680489586779,45.0427809157458
"10_348",10,348,87639405628,4997,0.629464975541161,0.502104877108959,0.842718373588323,0.15680672771479,0.0903630351500938,25.196496569679
"10_37",10,37,2112,4994,0.221156725111025,0.352460756546209,0.760163677423129,0.180936042169522,0.116665339822358,7.65539064482615
"10_40135",10,40135,2.06009353898945e+29,4999,0.660866360211516,0.449960299995778,0.853632631432416,0.149602717354235,0.0847727172072804,67.4977190858744
"10_4231",10,4231,3.42426011097577e+20,5000,0.662222112616428,0.460059169438522,0.851221532987305,0.152509383124557,0.0871449658741942,47.2825872822657
"10_446",10,446,745734660665,5000,0.625814692913156,0.494148275267911,0.844666969187341,0.156334080717489,0.0905185567507118,27.3376356911254
"10_47",10,47,10936,4998,0.337255931804203,0.372519465986283,0.780553794572495,0.180646726775817,0.115377524907069,9.29981537840379
"10_5432",10,5432,3.21859961857521e+21,4999,0.657422102767115,0.445276941821248,0.850028688075534,0.152914824496564,0.0878868836045687,49.5232333167708
"10_573",10,573,6607141311136,4999,0.642342476663297,0.501086589846125,0.848628794038897,0.155007266723851,0.0892973053966862,29.5191721968414
"10_61",10,61,70760,4999,0.424736482998801,0.434744115287179,0.793018955163814,0.178616051079068,0.112746150719901,11.1670491482737
"10_6975",10,6975,3.03498081892848e+22,5000,0.653797211284758,0.431766920004599,0.85352084260715,0.150891928315412,0.0866959812767521,51.7670771504028
"10_736",10,736,59338890244082,5000,0.646051897136995,0.489639543761552,0.846594830022327,0.154719293478261,0.0889435810243946,31.7142860289662
"10_78",10,78,440725,4999,0.480039666464308,0.422600622903809,0.814319430943366,0.174165602351239,0.108558536973819,12.9961763771539
"10_8956",10,8956,2.86499922758379e+23,5000,0.676733881205226,0.444747782948687,0.854257413449701,0.150072755694506,0.0856051752498587,54.0120252194255
"10_944",10,944,532690337273894,4999,0.653098029408173,0.477844991122723,0.850621328995318,0.153121937946911,0.0877874399396918,33.9089613905353
"13_100",13,100,7520910,5000,0.582709708336176,0.593965369623353,0.824995891834572,0.167218,0.0990790720175729,15.8331976992431
"13_11499",13,11499,1.8535215849053e+30,5000,0.729737950128356,0.602921225066628,0.868721116164451,0.13858316375337,0.0711614039223466,69.6946401788466
"13_1212",13,1212,4613790845293954048,4998,0.714298073890757,0.612238269493674,0.863663203933429,0.142714181382124,0.0758678556081905,42.9755815021648
"13_128",13,128,81883121,5000,0.595773886046472,0.586976637942433,0.829891668371103,0.16453125,0.0961407404719889,18.2208034347872
"13_14765",13,14765,3.69516613474684e+31,4998,0.72748704383823,0.599678485115865,0.867824760369226,0.137529742679327,0.0707115201598641,72.6871633982473
"13_1557",13,1557,87043152317061316608,5000,0.712535460563311,0.612674997562012,0.86244626259962,0.142872190109184,0.0754749629286581,45.9129356732226
"13_165",13,165,1050020234,4998,0.625954536685391,0.606116495436264,0.838088243054632,0.160315035104951,0.0922669455711877,20.7720752714064
"13_18",13,18,7,21,0.376486175491484,0.484212423431556,0.619914824199893,0.103174603174603,0.0677017805698125,1.94591014905531
"13_18959",13,18959,7.38054631217854e+32,5000,0.714838260436193,0.564367384054068,0.865305510731886,0.141699203544491,0.07499894318388,75.6815706377225
"13_1999",13,1999,1.65466677256672e+21,4999,0.719831323442275,0.58694248203454,0.868633522718377,0.139755114604712,0.072547437677585,48.85788659555
"13_211",13,211,13490164887,4998,0.650593930445385,0.635158126514869,0.846898579403912,0.156113630286238,0.0872163670198235,23.3252267299972
"13_23",13,23,42,857,-0.0250933093227703,0.433188404400239,0.673934326822576,0.141494596925575,0.0949449808622709,3.73766961828337
"13_24344",13,24344,1.47582757170148e+34,5000,0.726564744160621,0.574363102443188,0.868705682049357,0.138223997699639,0.071871806843155,78.6771120598112
"13_2566",13,2566,3.17516004933144e+22,4999,0.717255967825945,0.59152707366506,0.867683685110747,0.140947675115693,0.0740821433480053,51.8122300861814
"13_271",13,271,194940071008,4999,0.654297482990604,0.616855174668637,0.847275005419149,0.154212392293957,0.0854274947962213,25.9959580201111
"13_29",13,29,227,4564,0.14365590492207,0.361905015494615,0.723071337237723,0.164420200066487,0.108929434201374,5.4249500174814
"13_31258",13,31258,2.95345770900893e+35,4999,0.724223390806697,0.581733967125301,0.866636989717528,0.139611510503521,0.0725403955636111,81.6734548435136
"13_3295",13,3295,6.17479858768239e+23,4998,0.724466173341116,0.62017901784852,0.865766923144116,0.139135289927807,0.0719653380983061,54.7799334034658
"13_348",13,348,2992725849744,4996,0.685484567574715,0.646760179910137,0.855708012096743,0.148974927068091,0.0804343583338751,28.7272057434585
"13_37",13,37,1436,4988,0.276765030198981,0.445782723389548,0.757050522288719,0.173231972951299,0.112895759721735,7.26961674960817
"13_40135",13,40135,5.91397024748605e+36,5000,0.714664821447748,0.577417964414743,0.864241623392521,0.141384317926996,0.0737795695087676,84.6703807383419
"13_4231",13,4231,1.20912249843793e+25,4999,0.706468514578949,0.590732640286454,0.866437311660674,0.140595219020169,0.0731234405892846,57.7545222134668
"13_446",13,446,47358519537640,4999,0.673308141564735,0.620494945677486,0.855214442396483,0.149621404101448,0.0821832861784429,31.488767846253
"13_47",13,47,9624,4997,0.320818148520867,0.450647523731796,0.775750582736547,0.179690793199324,0.116673612803221,9.17201525765451
"13_5432",13,5432,2.37641545596311e+26,4999,0.723299533003733,0.602188108589302,0.864969679729114,0.14056629440763,0.0731784640656241,60.7328056592635
"13_573",13,573,804280218277490,5000,0.699768327274239,0.643403733156866,0.859514517425197,0.145509598603839,0.0771957130181332,34.3209688545809
"13_61",13,61,85711,4999,0.467107523256586,0.516227580348394,0.797363572476065,0.176769780185545,0.110621118601527,11.3587364510749
"13_6975",13,6975,4.70002488676787e+27,4999,0.723082472000086,0.595341220123182,0.867216012124222,0.138716804292758,0.0715212033807741,63.7173653145982
"13_736",13,736,14118651290573552,5000,0.693762646113365,0.609674006147262,0.854783351908718,0.146277173913043,0.0779824134990546,37.1862731047489
"13_78",13,78,752368,4999,0.524598701937109,0.542830586432946,0.81351050733271,0.171888223798606,0.105607228885707,13.5309808449357
"13_8956",13,8956,9.32406256523994e+28,4999,0.729569798905258,0.59220442903407,0.867593223117703,0.138842105178517,0.0714167400053847,66.704981035113
"13_944",13,944,250839977618562208,5000,0.710762454115876,0.621342688963039,0.862134738864299,0.143115466101695,0.0749487126958929,40.0635915913595
"149_1212",149,1212,2.63235366805535e+32,4999,0.867345285421137,0.860431194913322,0.919297742819966,0.123923959709434,0.0586967871895028,74.6506013526068
"149_14765",149,14765,1.28715745047594e+117,4999,0.939256608005092,0.940942710863858,0.957750710805052,0.0638567266450242,0.015594991393139,269.654892140577
"149_165",149,165,231,4544,0.52678977949656,0.711379756716921,0.758334909581965,0.0296148100725565,0.020016110056107,5.44241771052179
"149_179",149,179,5604,4999,0.607831910812857,0.758320897092492,0.793441542277888,0.0469803457898283,0.0310760335165865,8.6312359074569
"149_1999",149,1999,4.29016833206544e+43,4999,0.888750748293787,0.867723446114316,0.93135844709394,0.110780335156576,0.0471103113947069,100.467484969158
"149_24344",149,24344,4.54053976194443e+142,4999,0.942108021089851,0.94569150211913,0.959091305351735,0.0600862367675638,0.0137153562438185,328.480129100437
"149_271",149,271,2291320912,4999,0.736649214830338,0.833145422723133,0.855702820142576,0.100227425558912,0.0611307995187735,21.5523943056846
"149_3295",149,3295,2.81854957782749e+57,4999,0.903886070390882,0.883882826608829,0.938879519158063,0.0968313237761361,0.0361817770546716,132.283572719192
"149_40135",149,40135,1.94422151021387e+170,5000,0.943159713354505,0.950848857460911,0.960411081493259,0.0567889423196711,0.0122602132381115,392.104327454118
"149_446",149,446,7479252856065675,5000,0.805453780447579,0.85360601962824,0.887153830857076,0.12589730941704,0.0704777342650879,36.5509092963555
"149_5432",149,5432,1.78354771150659e+74,4998,0.918886724376752,0.909267335110088,0.947191585724459,0.082981314764492,0.0265697454182085,170.969901358634
"149_736",149,736,2.3500848235953e+23,5000,0.841833638040862,0.857819600955053,0.907172655507665,0.130055706521739,0.067017197336095,53.8139085615146
"149_8956",149,8956,1.52498338205591e+94,4999,0.928992234464921,0.924232514258839,0.952533301514966,0.0733216093866384,0.0206657195265911,216.864982254428
"16_100",16,100,10643083,4999,0.596356949661018,0.615224663083619,0.824478545889182,0.168301660332066,0.100439466448445,16.1804207555458
"16_11499",16,11499,3.17783939846263e+35,4999,0.761955501075793,0.6747658283186,0.880061660098158,0.128862019033949,0.0615195701350061,81.7466797862178
"16_1212",16,1212,1.21765828438567e+21,5000,0.744996945308013,0.70038571240237,0.874705492324421,0.133649669966997,0.0653342593493277,48.5512165281083
"16_128",16,128,161410965,4999,0.612479766216643,0.628340859702172,0.833093966380144,0.164654805961192,0.0961755293557024,18.8994642482955
"16_14765",16,14765,1.33124844620908e+37,4998,0.74844235043766,0.656636962180489,0.875751680532389,0.132142338818358,0.0642139362942325,85.4817656240877
"16_1557",16,1557,4.56062444957403e+22,4998,0.753277229387984,0.700177434372405,0.874581614616336,0.134234811458302,0.0657876249509059,52.1743316007158
"16_165",16,165,3055519608,4999,0.632806007453236,0.648177921319092,0.838130137344128,0.160573932968412,0.0917597124927869,21.840215499559
"16_18",16,18,2,1,0.466666666666667,0.430095785876731,0.466666666666667,0.0555555555555556,0.0290693413202526,0.693147180559945
"16_18959",16,18959,5.59679620397727e+38,5000,0.767098376183168,0.669239518571332,0.879612026830188,0.129432090300121,0.0618982804311006,89.2204278613669
"16_1999",16,1999,1.74186222382515e+24,5000,0.759538460045998,0.690984124891766,0.877541253933578,0.131053826913457,0.0634533950484954,55.8169970163588
"16_211",16,211,60009573064,4998,0.667337483599268,0.663454726665999,0.848985031297876,0.155790278196587,0.086444211198104,24.8177699375083
"16_23",16,23,15,105,0.26608935290356,0.520616890099547,0.664871132889623,0.104347826086957,0.0691058242240406,2.70805020110221
"16_24344",16,24344,2.35858001077532e+40,4999,0.766392159402805,0.66774662758033,0.880574495762185,0.128144639772516,0.0609645029116036,92.9614634673616
"16_2566",16,2566,6.78571805435895e+25,4999,0.751054417567737,0.677785661345326,0.874232493308035,0.132374721241988,0.0645244814388904,59.4794474422155
"16_271",16,271,1398436864213,4997,0.703247780947215,0.681342085996641,0.857944290418172,0.14841672531194,0.078946629426099,27.9663762032086
"16_29",16,29,101,3217,0.146734589680075,0.51160395782081,0.708724173402497,0.139860439690009,0.0936715946969591,4.61512051684126
"16_31258",16,31258,9.95682812242981e+41,4998,0.75971411303137,0.653196852450321,0.880252821154747,0.128742302474768,0.0615491127054775,96.7042473720293
"16_3295",16,3295,2.70525956522024e+27,4999,0.757181950903905,0.688283861911759,0.877511941671923,0.13107258781043,0.0631714703261186,63.1649953761016
"16_348",16,348,36134209335192,4999,0.711539178263372,0.685612611233655,0.858587908513048,0.146910991393681,0.0773244609478917,31.218261159566
"16_37",16,37,780,4972,0.276722825259898,0.496926562549247,0.751708769129021,0.161808832162814,0.10693889020409,6.65929391968364
"16_40135",16,40135,4.20882703299235e+43,5000,0.774077367226441,0.674910194789822,0.882821741135047,0.127620530708858,0.0603035540907577,100.448342993127
"16_4231",16,4231,1.09343250880594e+29,5000,0.762153766979876,0.690745791995672,0.878219092763066,0.130692224060506,0.0624133374643884,66.8642895357152
"16_446",16,446,996003889112587,5000,0.700808318200285,0.694218983962506,0.861244809216802,0.144183856502242,0.0745244606967873,34.534772278237
"16_47",16,47,6334,4999,0.327541857026096,0.501800783904713,0.766997373943194,0.174260383991692,0.113999733644068,8.75368722709858
"16_5432",16,5432,4.45813738985924e+30,4998,0.763834711380341,0.682260924586109,0.87761980718792,0.130773075062131,0.0628693235323736,70.5722838430314
"16_573",16,573,30652968912451912,5000,0.741924999651006,0.69552746218625,0.869704189265743,0.138889703315881,0.0701815384540226,37.9615059176084
"16_61",16,61,70927,4998,0.466774082280904,0.560116752875315,0.790364049021385,0.175942508150801,0.111513768291323,11.169406458081
"16_6975",16,6975,1.83787074979967e+32,5000,0.76912980438797,0.687138673202292,0.879176445596433,0.128515182795699,0.0607904761311523,74.2913306761602
"16_736",16,736,1003684021002305920,5000,0.728935516533598,0.702132095978916,0.867394874709796,0.138272282608696,0.0694918883194755,41.4502089255104
"16_78",16,78,797402,5000,0.55429050252806,0.608565080636386,0.813193859467977,0.169566666666667,0.102420395786027,13.5891142220777
"16_8956",16,8956,7.62493940837359e+33,5000,0.770276919016584,0.683893836068129,0.88199490663523,0.129100915587316,0.0612882004124558,78.0167324448226
"16_944",16,944,33965005191995736064,5000,0.740879802980175,0.698044314637272,0.868627335761751,0.137488559322034,0.0683935774560498,44.9718624093992
"21_100",21,100,9909482,5000,0.582741646057431,0.636795446854904,0.824827697021242,0.169758,0.103103073466571,16.1090026345061
"21_11499",21,11499,1.5475810509555e+43,4997,0.794231061475235,0.735858951154542,0.891437632817049,0.118013620590826,0.051450455847297,99.4478520983645
"21_1212",21,1212,1.63812506330712e+24,5000,0.774470465887232,0.753702952171713,0.885321116742459,0.12590198019802,0.0583498008842891,55.7555945655987
"21_128",21,128,221143779,4998,0.633007333158825,0.656953619403369,0.835003938992215,0.164167229391757,0.0961370426813468,19.2143236316546
"21_14765",21,14765,2.21570676688764e+45,4999,0.803164307764492,0.744793312443873,0.892375594092574,0.116995129469511,0.0505215903253999,104.41190061945
"21_1557",21,1557,1.79780255946699e+26,4999,0.790698548876698,0.76199342681861,0.888617450622126,0.122194124117052,0.0543055089240977,60.4537775366675
"21_165",21,165,6692251510,4999,0.668173876801004,0.6863966964395,0.846117788354922,0.159273066734559,0.09017851720866,22.6242162030467
"21_18959",21,18959,3.19863027029985e+47,4997,0.809671703436527,0.750571682894721,0.893916056285529,0.116270469069775,0.0501039131398455,109.384222048359
"21_1999",21,1999,2.07869485915136e+28,4999,0.79686997016743,0.757225487580706,0.889404185744888,0.122335822842407,0.0545710823767817,65.204122829042
"21_211",21,211,223563324081,4998,0.682279604702388,0.698428872848647,0.852793253061472,0.153535347788405,0.0843045919637905,26.1329605400914
"21_23",21,23,2,1,-0.105263157894737,0.258268324414502,0.475,0.0434782608695652,0.0250158323871114,0.693147180559945
"21_24344",21,24344,4.64498451329688e+49,4999,0.807568894500047,0.745091481923726,0.894696640305014,0.116682652994615,0.0499752902639475,114.36245759491
"21_2566",21,2566,2.52103104335792e+30,4999,0.792213976029645,0.756875054308257,0.890127364500977,0.12182701544206,0.0542945124008327,70.0022207518577
"21_271",21,271,9703702688824,5000,0.714437141688856,0.716486281735617,0.86234425102666,0.146310701107011,0.076801740847056,29.9035286490985
"21_29",21,29,22,231,0.304620339403825,0.563475022432802,0.678541794258706,0.0934467831019556,0.0624281919224875,3.09104245335832
"21_31258",21,31258,6.77566366487422e+51,5000,0.800277276193553,0.738687447378324,0.893534765076161,0.116368142555506,0.050089309505509,119.34517706258
"21_3295",21,3295,3.20820230810092e+32,4999,0.789150576961105,0.750529282643634,0.889089069424368,0.120315960005355,0.0530918680344184,74.8484337274478
"21_348",21,348,506775131765502,5000,0.732019262055309,0.720427226489915,0.867732934127174,0.142714367816092,0.0737988354818141,33.8590884940428
"21_37",21,37,231,4597,0.320770401260053,0.596985633198577,0.731047983866565,0.13117250380683,0.0879563418444621,5.44241771052179
"21_40135",21,40135,9.91768023106226e+53,4997,0.801345708887712,0.728243172626587,0.892501922840751,0.118543242551984,0.0519776427977258,124.331328974959
"21_4231",21,4231,4.21735971392343e+34,5000,0.792960542594428,0.752119127454277,0.888772731927684,0.12100430158355,0.0535850945440339,79.7271024338307
"21_446",21,446,30360622314527620,4998,0.743701380154567,0.740413521741718,0.871577265512851,0.138417250308195,0.0682894306179309,37.9519228450715
"21_47",21,47,2424,4993,0.387917336264789,0.579062931148331,0.764733103752169,0.155046852828002,0.102219539102836,7.7931743471892
"21_5432",21,5432,5.67269464376737e+36,4999,0.799379630324592,0.761324318149939,0.890728931339154,0.118509195211649,0.0516702822041404,84.6287275984461
"21_573",21,573,2202650354854777088,5000,0.757261350611516,0.750050723513212,0.876535460314518,0.133451657940663,0.0643372394565419,42.2361930159324
"21_61",21,61,35741,5000,0.449521683677814,0.590078909680858,0.786818842035536,0.168252459016393,0.108510682998444,10.4840537681765
"21_6975",21,6975,7.81357626020663e+38,5000,0.798818536648058,0.758844708618839,0.891751249061646,0.118180415770609,0.0509389101292446,89.5540963006545
"21_736",21,736,1.8159434188631e+20,5000,0.773223367940865,0.746866042495228,0.880110551966244,0.13061875,0.0617096860863633,46.6483069825609
"21_78",21,78,533523,5000,0.534607031122506,0.614605870685858,0.809590134717805,0.171379487179487,0.10723142658599,13.1872574603223
"21_8956",21,8956,1.09321342988226e+41,4999,0.79462049174814,0.744434654457953,0.890524587315622,0.118713224556479,0.0518001957613165,94.4951102726792
"21_944",21,944,1.63103824269617e+22,4999,0.790572706797412,0.760881113779883,0.884631172476616,0.125427627898461,0.0575255172896721,51.1460888166249
"245_1212",245,1212,6.44788497406647e+30,4999,0.874074896858138,0.884501489167048,0.921090773532726,0.118521228998275,0.0578558886030446,70.941304955857
"245_1999",245,1999,3.63042240593266e+42,4999,0.897991949957435,0.885829032385945,0.934152703871171,0.112437795212869,0.0499239357647078,97.9979229125275
"245_271",245,271,2436,4993,0.598086118118364,0.754033367909589,0.786761500600757,0.0275507481692081,0.0183995822889277,7.79811262882979
"245_275",245,275,5604,4998,0.618281080985002,0.765660936215851,0.79802381668027,0.030545309032704,0.0201268534179464,8.6312359074569
"245_3295",245,3295,1.36540713295109e+57,4999,0.91078416430313,0.886465219630472,0.942049328966003,0.103691208651442,0.0425443302564893,131.558802950723
"245_446",245,446,4328363658647,4999,0.796022621104407,0.861274729249597,0.878681823213353,0.0908020169056233,0.0519753597882778,29.096210678584
"245_736",245,736,1.39431146383843e+21,5000,0.844547772599525,0.881219079569315,0.904923110336703,0.113903804347826,0.0599502344366905,48.686687671991
"26_100",26,100,6323274,5000,0.597647133208542,0.656789087511495,0.822609136362177,0.168976,0.104671988944045,15.6597476699624
"26_11499",26,11499,7.24417893573016e+49,5000,0.824009642520606,0.792980600704509,0.900911494879329,0.109485416123141,0.0443015022379368,114.806867797657
"26_1212",26,1212,3.29345024760214e+26,4999,0.79843422231735,0.79337821595682,0.890517666479835,0.120432832441076,0.0525376875904732,61.0591481405908
"26_128",26,128,182200447,4999,0.659858352175549,0.681696178439299,0.842180864707274,0.162637214942989,0.0950283385850294,19.0206179961351
"26_14765",26,14765,3.49663316538632e+52,4998,0.82768359566558,0.795321079570173,0.901807659778951,0.108066091319698,0.042911489814099,120.986225388465
"26_1557",26,1557,9.62034413324461e+28,4998,0.806847492171574,0.79985513781321,0.8957965515702,0.117068792835053,0.0500051650187029,66.7362626405576
"26_165",26,165,7549091116,4999,0.676327681950323,0.704752468620312,0.846195304691982,0.159165166366607,0.0899667263465778,22.7446930109741
"26_18959",26,18959,1.71480925091751e+55,4997,0.825901300374528,0.789043559202266,0.901825889197177,0.108416196930564,0.0431057743610842,127.18148196515
"26_1999",26,1999,3.10814357121687e+31,4997,0.811398137774358,0.795407668036316,0.896696714518181,0.115463475183659,0.0489464132963677,72.5141635083391
"26_211",26,211,363937979327,4999,0.70846613153495,0.72336197463523,0.858373681421541,0.152386875479361,0.0829264277577507,26.6202493036014
"26_24344",26,24344,8.50930854025146e+57,4999,0.827434447170745,0.797900714418639,0.902294771163285,0.108842627874901,0.0433613305808989,133.38851098733
"26_2566",26,2566,1.09859413850985e+34,4999,0.814210801316228,0.805539110924558,0.896315234401049,0.11286785806109,0.0468183565178964,78.3819244682918
"26_271",26,271,24691000445496,4998,0.738080548272527,0.742411384305464,0.867231418295345,0.146270316244579,0.0763424891990583,30.8374599387359
"26_29",26,29,3,3,0.548601163146618,0.500960755755693,0.556877869605143,0.0459770114942529,0.0272083174038117,1.09861228866811
"26_31258",26,31258,4.26089912077763e+60,4999,0.830456711978416,0.789382805077276,0.905251664494427,0.106945171745975,0.0423427543222382,139.604585778869
"26_3295",26,3295,4.22873506108556e+36,4999,0.826501778389864,0.804725339015968,0.901603299488118,0.111660389741074,0.0456676525119166,84.33496625619
"26_348",26,348,2184504591452520,4998,0.737778157881928,0.751393754047993,0.871949759865464,0.141602043116097,0.0720886575423695,35.3201654661501
"26_37",26,37,56,1470,0.37635065855467,0.615551849412028,0.714467629838938,0.0950542379113807,0.0638306111680043,4.02535169073515
"26_40135",26,40135,2.14853903815832e+63,4998,0.827700271747354,0.793592862761766,0.902335672160583,0.108292615663432,0.0431353950874835,145.827648952652
"26_4231",26,4231,1.73107894745847e+39,5000,0.822249544584714,0.797312721085824,0.89934373936974,0.111968990782321,0.045789948064733,90.3495635099279
"26_446",26,446,239943942990932640,4998,0.770156468513252,0.764515748917683,0.876973080643884,0.136548341309618,0.0665662467673662,40.0191817200996
"26_47",26,47,792,4957,0.364866103862528,0.632716711237715,0.754141969114446,0.130488155584838,0.0872169953763876,6.67456139181443
"26_5432",26,5432,7.41902193683756e+41,4999,0.819529385626466,0.803174546536592,0.899457511050486,0.111074681799394,0.044985438426909,96.4100360468045
"26_573",26,573,34919036063627620352,4999,0.786675597592905,0.775029677848402,0.884453844519621,0.129501991148666,0.0606456116677701,44.9995638003488
"26_61",26,61,14816,5000,0.456079087830278,0.620044991511988,0.783150163593246,0.156439344262295,0.103026547138648,9.60346295688596
"26_6975",26,6975,3.32099624879907e+44,4999,0.821950635070145,0.78828651639959,0.901777953285977,0.110196089397091,0.0449787487656017,102.514008904592
"26_736",26,736,6.25787458175272e+21,4999,0.797733808598765,0.79179074162393,0.889183032532717,0.124588232863964,0.0563391670402817,50.1881275566541
"26_78",26,78,272293,4999,0.5485033059797,0.641127193774481,0.809264704339569,0.165330501997835,0.1047745401518,12.5146339713905
"26_8956",26,8956,1.53291515737614e+47,4998,0.827591994289231,0.797817899738995,0.90213198810615,0.109023019658958,0.0436052214354668,108.648670624901
"26_944",26,944,1.3104032134883e+24,5000,0.795249731006737,0.790767823426976,0.890792044342391,0.122202966101695,0.0544282313788255,55.5323771182665
"3_100",3,100,833,4969,-5.64692575054986,-15.8026181085137,0.839025951211073,0.184831958140471,0.147104186174164,6.72503364216684
"3_11",3,11,10,45,-3.30251388870208,-4.68757596134422,0.727445274315356,0.187878787878788,0.118413001630033,2.30258509299405
"3_11499",3,11499,11018917,4998,-2.09887342681666,-8.47956606279146,0.842411114770505,0.185530408354315,0.159615255665305,16.2151240809976
"3_1212",3,1212,122412,5000,-2.69654079378346,-9.2703655055824,0.846246215462321,0.178400660066007,0.143702479918105,11.7151476834705
"3_128",3,128,1365,4991,-3.25779567869522,-9.90541600011818,0.837278745423276,0.18457911741134,0.150439953569362,7.21890970761906
"3_14",3,14,16,120,-2.4714293520851,-3.64623457114616,0.769910657206654,0.185119047619048,0.12511659674653,2.77258872223978
"3_14765",3,14765,18167102,4999,-3.51988917204282,-15.2013209056877,0.83625187044454,0.187752728330969,0.160414614056802,16.715122933981
"3_1557",3,1557,202021,4999,-2.75956021923427,-11.3987070464142,0.843243147027647,0.184156805670704,0.155747987251948,12.2161269313759
"3_165",3,165,2269,4997,-2.6722980539492,-9.66748867543868,0.837929564973144,0.18583149889934,0.152236966120793,7.72709448477984
"3_18",3,18,27,351,-0.548123908664074,-1.57236166022641,0.746898099716365,0.187559354226021,0.13028645704302,3.29583686600433
"3_18959",3,18959,29953640,5000,-3.71657479006111,-12.79258677297,0.842390616486676,0.182417490373965,0.149485189561786,17.215161411034
"3_1999",3,1999,333000,5000,-3.58315023997649,-12.9673653203921,0.840697215746355,0.183086343171586,0.154575305484924,12.7158977689626
"3_211",3,211,3710,4999,-3.60762722837552,-10.7698833607555,0.838043164953357,0.183677493792598,0.148619869010869,8.21878715560148
"3_23",3,23,44,940,-4.2592186856493,-8.40526698033874,0.800436217685542,0.185383903792785,0.133272473387718,3.78418963391826
"3_24344",3,24344,49385861,5000,-2.99277313200685,-9.27809799257416,0.844780180795598,0.185268731514952,0.154302483955115,17.715174726616
"3_2566",3,2566,548696,5000,-1.64362871979017,-8.62379112338748,0.83669864719928,0.184506780982073,0.155634817299915,13.2152998330624
"3_271",3,271,6120,4997,-2.37784913754801,-7.97835256321553,0.837382903811482,0.184965591901266,0.152894657777286,8.71931737550637
"3_29",3,29,70,2106,-2.66280336620136,-6.95182132276602,0.811572453961442,0.185741886891312,0.136211637437428,4.24849524204936
"3_31258",3,31258,81421880,4998,-6.32039009662884,-53.9400358608189,0.841232529267716,0.187943345487149,0.161702567623696,18.2151545909224
"3_3295",3,3295,904752,4999,-4.31708759473551,-15.1567209458601,0.840912082542803,0.184366038609846,0.157082073259613,13.7154161519789
"3_348",3,348,10092,5000,-2.5655826665378,-8.02977633561555,0.835011304276551,0.185114942528736,0.150282961786835,9.21949830976095
"3_37",3,37,114,3460,-3.64654306817508,-8.13384691410135,0.821450154068643,0.183268239337603,0.136518671327248,4.7361984483945
"3_40135",3,40135,134234852,5000,-8.73336228404025,-19.8715720496347,0.843096217484284,0.186942050579295,0.162029431813176,18.7151014507226
"3_4231",3,4231,1491780,5000,-4.91881461131808,-16.4232304253346,0.840841077153965,0.186144126683999,0.157403675094597,14.2154805957905
"3_446",3,446,16576,4999,-6.34486122286816,-18.559813791255,0.841237960880922,0.187598506248335,0.15637380303884,9.71571114505921
"3_47",3,47,184,4330,-4.29162545786025,-11.4764266469468,0.821609621164992,0.186536288143089,0.143242607017051,5.21493575760899
"3_5",3,5,2,1,0.25,0.198572198889152,0.25,0.2,0.104649628752909,0.693147180559945
"3_5432",3,5432,2458885,4998,-1.96320999401852,-7.60596974838066,0.842727882123161,0.185440339611544,0.156625437794349,14.7152185531263
"3_573",3,573,27361,4999,-3.92431026991515,-10.7925249419037,0.839588556323173,0.183465314354319,0.154260006971428,10.2168739207762
"3_61",3,61,310,4720,-3.83631922082271,-9.80136343608778,0.825831258124527,0.187208252292303,0.146043013666293,5.73657229747919
"3_6975",3,6975,4054219,4999,-1.54868792660592,-6.2376061134779,0.843318307868701,0.183213560274779,0.157466414316438,15.2152686252553
"3_7",3,7,4,6,0.107142857142857,0.252718654699874,0.642857142857143,0.190476190476191,0.111295039405477,1.38629436111989
"3_736",3,736,45141,4999,-2.5113749076867,-8.94869863921142,0.8416152973163,0.18292191046905,0.152594561967182,10.717546203427
"3_78",3,78,507,4896,-2.0694301707102,-6.55786750985069,0.837003332218706,0.183056288754818,0.142742442397963,6.22851100359118
"3_8956",3,8956,6684161,5000,-1.84145327302013,-6.60897878687381,0.840583252024252,0.185276686020545,0.155960330002029,15.7152512557802
"3_9",3,9,7,21,-0.0651927437641723,-0.165964185974624,0.530612244897959,0.201058201058201,0.129755669374726,1.94591014905531
"3_944",3,944,74261,4999,-42.2883821199316,-202.245302769872,0.842910553956936,0.182894629773412,0.152585701278737,11.2153411938402
"34_100",34,100,2288049,4998,0.629052666786352,0.698234235522788,0.824535824226828,0.157224889955982,0.0974905085259796,14.6432100473364
"34_11499",34,11499,8.23658540448621e+58,5000,0.849085960101194,0.840818323150491,0.912178910381239,0.0992783720323506,0.0361506700007488,135.658521259032
"34_1212",34,1212,1.1074229253698e+29,4998,0.816490304015055,0.821012877312712,0.899589944079231,0.116077949331548,0.0493299041451511,66.8770033239972
"34_128",34,128,87010828,4999,0.651767543637719,0.700608787922199,0.837927404938559,0.163068551210242,0.0989227350716711,18.2815431286445
"34_14765",34,14765,2.68044984134907e+62,4999,0.860786192786631,0.838073249676711,0.916593464847721,0.0964219528633122,0.0344727360976229,143.746260397318
"34_1557",34,1557,1.25257609294079e+32,4999,0.825529078874285,0.83747870299982,0.901095808215881,0.112136749764853,0.045618419930643,73.9079252807879
"34_165",34,165,4988367127,5000,0.664666483798977,0.708287094130918,0.845575612418181,0.163043636363636,0.0960138880186189,22.3303744641006
"34_18959",34,18959,9.03998325215677e+65,4999,0.853559233572029,0.834956291458436,0.913610108731296,0.0980790809778602,0.035444485588677,151.869688366378
"34_1999",34,1999,1.74253174739231e+35,4999,0.839980530307529,0.836807445864568,0.90905435527743,0.106297597688622,0.0414587040616123,81.1458173377286
"34_211",34,211,350833045483,4998,0.709205310318595,0.729923685644339,0.86173809138616,0.155715366715407,0.0875963890685378,26.5835762933585
"34_24344",34,24344,3.13288979619404e+69,5000,0.860340033824225,0.840836703321713,0.915688312667339,0.0967497781794282,0.0343493942318325,160.020327252771
"34_2566",34,2566,2.91595998136159e+38,4999,0.842360290053953,0.84817099462025,0.906848405730845,0.105464194943431,0.040154807602235,88.5684326240131
"34_271",34,271,38094425424798,4999,0.735572767485582,0.748328546631673,0.868252279876689,0.149850634333509,0.0806655713953793,31.2710890730465
"34_31258",34,31258,1.10895370513366e+73,5000,0.855515184694335,0.840246277576005,0.913490877686299,0.0971325740610404,0.0344231066579855,168.192128751368
"34_3295",34,3295,5.78440451474842e+41,4999,0.846078489452503,0.840244307266238,0.912455234863236,0.103404960202966,0.0390360938730563,96.1611542320182
"34_348",34,348,5993893171616572,4999,0.753452743839582,0.759548805084465,0.874748551972045,0.145112930632103,0.0754229336753517,36.3295175410932
"34_37",34,37,3,3,0.55393827857596,0.506839032274253,0.561996779388084,0.036036036036036,0.0213254379651497,1.09861228866811
"34_40135",34,40135,3.99063855241069e+76,4996,0.853767596052733,0.831443751584584,0.914496173296098,0.0982467598596131,0.0354022783800678,176.380418323843
"34_4231",34,4231,1.30818865765965e+45,5000,0.854600284512912,0.84397969038543,0.912951788339531,0.101510470337982,0.0376469938847979,103.884972661051
"34_446",34,446,1313586270178302720,4995,0.777078628939965,0.779640150149441,0.882631818141726,0.136201672524542,0.0669172768939407,41.7192926814975
"34_47",34,47,101,3185,0.415391014273773,0.649507918414244,0.731495234296091,0.0860816994555596,0.0575552340083134,4.61512051684126
"34_5432",34,5432,3.27817292274236e+48,4999,0.850193096037212,0.845613663259975,0.910707428102616,0.101505941836379,0.0375569527360313,111.711370695159
"34_573",34,573,4.3792193363281e+20,5000,0.795253500621454,0.79887430304451,0.888921983101972,0.128342757417103,0.0596339436354684,47.5285723346687
"34_61",34,61,3010,4997,0.485491058633431,0.677726956763417,0.772472926221371,0.126331536626894,0.0840737841039655,8.00969535774292
"34_6975",34,6975,9.00655993922221e+51,5000,0.851322435862864,0.84436150119245,0.912613279217074,0.100144487455197,0.0367715450722989,119.629792936663
"34_736",34,736,2.05995487096624e+23,4998,0.797363021197637,0.805461591588429,0.890696272502399,0.124548188840754,0.056379319748433,53.6821412141266
"34_78",34,78,75078,5000,0.568173794431647,0.696900652526748,0.799826973743125,0.147889743589744,0.0960889674209807,11.2262828520931
"34_8956",34,8956,2.65103341723437e+55,5000,0.856986163438202,0.841472218340363,0.914072507917224,0.0984435238945958,0.0355270863962893,127.61712964742
"34_944",34,944,1.28887351087603e+26,5000,0.815880383751758,0.812652634789054,0.899757690763696,0.118127966101695,0.0510836821550959,60.1209810073332
"4_100",4,100,7153,4997,-0.502063638248034,-2.26557835341241,0.811148617978403,0.186167700620372,0.137185885269585,8.87528712810838
"4_11",4,11,11,55,-0.930876885167493,-0.598725740712738,0.673707609436131,0.181818181818182,0.111340273154911,2.39789527279837
"4_11499",4,11499,10561630986,5000,-0.0195163312593359,-1.68436123888165,0.824126100698695,0.181582589790417,0.141380016874208,23.0804935527303
"4_1212",4,1212,12394215,5000,-0.819930196690983,-4.68952951025368,0.820394234609043,0.183447359735974,0.142357348519117,16.3327403894572
"4_128",4,128,14905,5000,-0.370368923530274,-1.93844285936845,0.814412965224805,0.1810328125,0.132622284812136,9.60945200611217
"4_14",4,14,23,253,-0.933346100585451,-1.24413046787152,0.711090571826177,0.185770750988142,0.120077053523561,3.13549421592915
"4_14765",4,14765,22357646041,4998,-0.139221802932433,-2.06507042289921,0.822782323968825,0.184138674094765,0.143346361139373,23.8304342042442
"4_1557",4,1557,26262600,4999,0.0144706051885733,-1.49399923901292,0.817903973642952,0.183155706285766,0.141751479601972,17.0836564318388
"4_165",4,165,31752,5000,-0.436757642676602,-1.90433019392891,0.816983774888673,0.182407272727273,0.136208202143222,10.3657109944629
"4_18",4,18,47,1075,-0.5751072415106,-1.04719144449287,0.745350218086976,0.186356589147287,0.124529313471896,3.85014760171006
"4_18959",4,18959,47331742420,5000,-0.19313691606264,-2.45032123502941,0.817750819085542,0.185879360725777,0.148567533397481,24.5804469944696
"4_1999",4,1999,55555389,5000,-0.163097013559745,-2.1333370091282,0.827002078617542,0.179101150575288,0.138737103443416,17.8328910810458
"4_211",4,211,66150,4998,-0.365851994914492,-2.45967518813664,0.819530045457408,0.182924354575954,0.138287139252347,11.0996801695431
"4_23",4,23,94,2985,-0.858377358994176,-1.52474862977896,0.768241356662721,0.18512854125701,0.125710358499988,4.54329478227
"4_24344",4,24344,100199797157,5000,-0.358150865782919,-2.82749373255072,0.823981442375183,0.183352932960894,0.144281797681592,25.3304320012139
"4_2566",4,2566,117466740,5000,-0.132356376919398,-1.80855341313627,0.82122973894748,0.182675837879969,0.140745349766278,18.5816657876486
"4_271",4,271,139725,4998,-0.0891967056363513,-1.52635711070267,0.816851011651397,0.183065107962004,0.136098556724752,11.8474314841379
"4_29",4,29,185,4315,-0.721139764335406,-1.79375064347759,0.782479246476754,0.18575138850042,0.128213368032487,5.22035582507832
"4_31258",4,31258,212110783425,5000,0.0534975179911641,-1.51379919985868,0.823916886785452,0.183011485059825,0.142538233227657,26.0803745384552
"4_3295",4,3295,248655825,5000,0.0430583198544427,-1.64261962507563,0.819270156738154,0.183732078907436,0.145554656429268,19.3315802693537
"4_348",4,348,295191,5000,-0.0952577506050157,-1.59995803744231,0.81926297685942,0.181348850574713,0.137694074215782,12.5953778834388
"4_37",4,37,378,4827,-0.79245036434358,-2.02614635495142,0.787652398084137,0.190029059513211,0.134820739653933,5.93489419561959
"4_40135",4,40135,448993205235,4999,-0.396245769796403,-2.95416326263373,0.821575539626131,0.1832115121168,0.144333979630525,26.8302735914673
"4_4231",4,4231,526349475,4998,0.051553500648922,-1.5756274276675,0.819677660441465,0.181688794638631,0.141331258581651,20.0814759512259
"4_446",4,446,620231,5000,-0.00794057596669089,-1.55008997458567,0.820922590059703,0.18272331838565,0.140108576489763,13.3378472682755
"4_47",4,47,764,4959,-0.70495744970102,-2.19678499632538,0.797965439533537,0.185199486856049,0.133496016162206,6.63856778916652
"4_5432",4,5432,1113670149,5000,0.00188752467392827,-1.58748784855752,0.819840748141874,0.182840463917526,0.144125947246457,20.8309268385561
"4_573",4,573,1313280,5000,-0.0197094413105021,-1.60032074443948,0.818357470518485,0.184941361256545,0.145910192439623,14.0880383826444
"4_61",4,61,1650,4992,-1.14131561687181,-3.58170611576903,0.803256206174421,0.183920502311896,0.132894666299292,7.40853056689463
"4_6975",4,6975,2357527767,4996,-0.00362114381936485,-1.73638036653626,0.820428340979539,0.18464968390483,0.144687982088575,21.5808793505573
"4_7",4,7,3,3,-2.7979797979798,-1.14203920452139,0.380471380471381,0.190476190476191,0.118328888085143,1.09861228866811
"4_736",4,736,2779954,4998,0.0263356187480416,-1.50023151268107,0.821837721383467,0.184007026723733,0.140752053482772,14.8379449387673
"4_78",4,78,3422,4999,-0.217980143192284,-1.40878106387722,0.807833937668752,0.18463436276999,0.134765348934915,8.13798045445214
"4_8956",4,8956,4990283449,4998,-0.106767958559686,-1.90681984788552,0.818777451907398,0.182219091298869,0.139716614834805,22.3307585485034
"4_9",4,9,6,15,-1.77686431567133,-1.95695860537776,0.705769055531057,0.177777777777778,0.107030399647307,1.79175946922805
"4_944",4,944,5860457,4998,-0.135803648805369,-1.95831623016015,0.821745731760843,0.183145927862671,0.142386515570657,15.5837381448605
"404_1212",404,1212,8.15175637644106e+27,5000,0.874067593578975,0.898523248345173,0.918894084671642,0.103575577557756,0.0518189264358283,64.2680309211856
"404_1999",404,1999,2.76974508638876e+40,5000,0.900230510667326,0.908332298016847,0.934738878013635,0.10587883941971,0.048543407436781,93.1221590091519
"404_3295",404,3295,3.90747766757124e+55,4999,0.917833138050458,0.910329480436033,0.944557200721338,0.101782420216972,0.0425527473650104,128.005072182697
"404_434",404,434,5604,4993,0.621698068700269,0.769395143827346,0.799899455221737,0.0193164439431794,0.0127269141215152,8.6312359074569
"404_446",404,446,53174,5000,0.667549483040475,0.793020816792507,0.814548223625364,0.0249766816143498,0.0162657603946938,10.8813248340618
"404_736",404,736,84300815636225120,4998,0.830706631178996,0.884768361299794,0.895479555307055,0.0826523544200289,0.0449973744181728,38.9731679352717
"5_100",5,100,38225,4999,0.212954326528211,-0.351021372527617,0.805245178431304,0.184524904980996,0.129529069589039,10.5512450307973
"5_11",5,11,10,45,-1.15611604176738,-0.88257945924514,0.648727942111526,0.177777777777778,0.112331509017336,2.30258509299405
"5_11499",5,11499,6076106214661,5000,0.263747418844034,-0.765854809172563,0.825095066760139,0.178529976519697,0.130125992981951,29.4353851815266
"5_1212",5,1212,755421743,4998,0.348860617876523,-0.437214851655223,0.82128256730622,0.178407501614507,0.129771912251688,20.4427867512544
"5_128",5,128,100540,5000,0.220781308771035,-0.431367144258409,0.810962508796609,0.1790875,0.123910950439734,11.5183109372466
"5_14",5,14,23,253,-0.953321410644173,-0.507324988630031,0.679311022208176,0.181253529079616,0.116238577398138,3.13549421592915
"5_14765",5,14765,16513357214716,4999,0.338943328801159,-0.675516041517943,0.820302920573017,0.178293471088393,0.129679089667499,30.4351906975085
"5_1557",5,1557,2053733669,5000,0.270542412221222,-0.688439752663678,0.817999537024005,0.179184071933205,0.132189520846107,21.4429252754886
"5_165",5,165,273052,4999,0.166660208532796,-0.641612729636206,0.806063465328166,0.18286081458716,0.129623643120898,12.5174175322193
"5_18",5,18,57,1527,-0.330289511973068,-0.344301084016512,0.727092404064637,0.184202866914065,0.119775548284411,4.04305126783455
"5_18959",5,18959,44884691087562,4999,0.307082990217607,-0.697126097147187,0.821488450880578,0.18067201182206,0.134195272986155,31.4351178968045
"5_1999",5,1999,5572202761,5000,0.267118840656045,-0.780004640616906,0.827501793313882,0.177324662331166,0.132084228901074,22.4410562814697
"5_211",5,211,721006,4998,0.260443767070547,-0.462355188364769,0.817521833808669,0.180548048603328,0.12995790800616,13.4884027380078
"5_23",5,23,141,3906,-0.220512531549986,-0.450757709412378,0.753185217481127,0.18380863331775,0.120479059317238,4.94875989037817
"5_24344",5,24344,121998260763837,4999,0.332925020343082,-0.577720379063584,0.819530147410668,0.177392190564304,0.127606274984206,32.4350279045261
"5_2566",5,2566,15112070849,4998,0.280071976667852,-1.06976591173128,0.82609909572183,0.177992007403117,0.131158506882626,23.4387596553956
"5_271",5,271,1942129,4998,0.359015807972752,-0.269869351866506,0.817298459336068,0.178246944534271,0.124949401484083,14.4792953519918
"5_29",5,29,333,4764,-0.424979532532272,-0.764893481474433,0.772362355471082,0.184914155013174,0.124354947890042,5.80814248998044
"5_31258",5,31258,331582178456036,4998,0.288893166099447,-0.762316785260487,0.823164950178796,0.177879629681548,0.131315315990907,33.4348967936442
"5_3295",5,3295,41053069200,4997,0.250140220700742,-0.707722966723465,0.823089852066231,0.17682621712633,0.126672165523526,24.4381314374068
"5_348",5,348,5239163,4999,0.255485342223835,-0.727477515811355,0.818249520022277,0.180363084111075,0.129800048792154,15.4716723107142
"5_37",5,37,831,4962,-0.069146983182905,-0.529513174271032,0.782190485162692,0.184592089066091,0.124880960313817,6.72262979485545
"5_40135",5,40135,901174261108935,4998,0.349180345481354,-0.614066992581126,0.821509332514109,0.179302651669862,0.132223558559114,34.4347197633918
"5_4231",5,4231,111533441362,5000,0.320283160832938,-0.608081885076622,0.817297026644085,0.181137272512408,0.134344872560799,25.437590305408
"5_446",5,446,14047457,5000,0.275816608084909,-0.558044668919281,0.817789225593826,0.179208968609865,0.12942355847408,16.4579519409209
"5_47",5,47,2062,4993,0.0835666891579504,-0.325887354559519,0.786523253618892,0.186077529818341,0.127051801342704,7.63143166457691
"5_5432",5,5432,302862484065,5000,0.317932377378595,-0.454497819255862,0.819785108340222,0.178927503681885,0.128813430531675,26.4365446914653
"5_573",5,573,38084904,5000,0.306741891873186,-0.499782718342627,0.815700199289016,0.181116230366492,0.131006049823039,17.4553285411084
"5_61",5,61,5608,4999,-0.194668547000652,-0.82829086484385,0.797459455050172,0.183059562732219,0.125414822212706,8.63194942871443
"5_6975",5,6975,823012909820,5000,-0.00750027528209074,-1.20159571585507,0.820174305949953,0.182182508960573,0.1360955414191,27.4362377237945
"5_7",5,7,2,1,-0.666666666666667,-0.11848427270829,0.375,0.142857142857143,0.0821948778433659,0.693147180559945
"5_736",5,736,103273183,4999,0.276889687446076,-0.529043209653788,0.815448631874238,0.182226119136871,0.133927547064428,18.4528882972894
"5_78",5,78,14518,4998,0.19747090073422,-0.400628313254142,0.805161445769309,0.181985614758724,0.12664649418269,9.58314453784479
"5_8956",5,8956,2236395220839,5000,0.387828130538879,-0.515374412439693,0.824163072691395,0.178086422510049,0.129883378255175,28.4358864091082
"5_9",5,9,5,10,-1.04245448179272,-0.345659798252384,0.458771008403361,0.177777777777778,0.113222679017868,1.6094379124341
"5_944",5,944,278661282,4997,0.373130745455089,-0.401447712353268,0.816958755569525,0.179952886986429,0.131170567039674,19.4455075592277
"55_100",55,100,89134,4997,0.615039088968351,0.747504465404874,0.808664263881295,0.117290374224535,0.0757928320148998,11.3978961343855
"55_1212",55,1212,1.18314922631719e+32,4999,0.846100301446294,0.843891852724237,0.91125011113232,0.112726340647667,0.0468047070516113,73.8509026951304
"55_14765",55,14765,5.86553324323404e+81,4999,0.895063470062322,0.894048913193235,0.932190108982264,0.0823400575814452,0.0249305835997124,188.278485930053
"55_165",55,165,604630157,5000,0.700248999866103,0.766523290309307,0.847915558983034,0.148214545454545,0.0893653648980631,20.2201275183247
"55_1999",55,1999,3.43120296138809e+40,5000,0.864992241854964,0.865330398609843,0.919999792606549,0.101028114057029,0.0378201239457881,93.3363146370585
"55_24344",55,24344,1.1812507807684e+93,4997,0.89545790067872,0.894619098220385,0.932405237217701,0.0806751385698327,0.0244193831995546,214.30698750924
"55_271",55,271,14148042198618,4999,0.748369662110222,0.76564138608607,0.872254029715119,0.152476989862917,0.0861495126227078,30.2805973699234
"55_3295",55,3295,8.25758652491588e+49,5000,0.880217498020192,0.882832899609167,0.926001549953897,0.0926350227617602,0.03153061973441,114.937801913279
"55_40135",55,40135,3.43244771942825e+104,5000,0.899077920417287,0.894808065570803,0.933521347443114,0.0797933075868942,0.0235442717938789,240.702123298877
"55_446",55,446,2471247408654908928,4999,0.791939671320109,0.796104013249611,0.889024568577377,0.139280770952397,0.0713871254722915,42.3512547207981
"55_5432",55,5432,1.10225603258509e+60,5000,0.882686223042668,0.889963253953653,0.927766437182809,0.088831148748159,0.0290702469258133,138.252464597857
"55_61",55,61,11,55,0.456726188315089,0.595505765593481,0.666717818815977,0.0354694485842027,0.0233868911340598,2.39789527279837
"55_736",55,736,4.97638053715502e+24,5000,0.826198382610405,0.820606265428863,0.902253493212055,0.125040217391304,0.0571613737566941,56.8667450588786
"55_8956",55,8956,5.20995211760828e+70,4999,0.887999898598201,0.892531866729706,0.929193445953992,0.0847042566172904,0.0267370640109244,162.831527174828
"6_100",6,100,143247,5000,0.346323605895167,0.0272746089427174,0.805700279310168,0.181164,0.12102967509313,11.8723256919493
"6_11",6,11,7,21,-1.20451243841771,-0.178405732374896,0.535522206822679,0.168831168831169,0.106857919155578,1.94591014905531
"6_11499",6,11499,2331503075861429,4999,0.429581910860831,-0.268820255380572,0.828802490173692,0.172166409975621,0.118905425205087,35.3852895514389
"6_1212",6,1212,30833625711,4996,0.460525472017061,-0.0653091129370665,0.825098284051915,0.172383121018267,0.118306837687038,24.1518716752706
"6_128",6,128,470660,5000,0.393122969839502,0.00443659139723124,0.814816939982031,0.17906875,0.123362009849118,13.061891243961
"6_14",6,14,20,190,-0.270802780985321,-0.0535607814146485,0.669032219263621,0.175563909774436,0.111999893366854,2.99573227355399
"6_14765",6,14765,8134204230081007,5000,0.47983113514138,-0.066685627455971,0.825813577050736,0.173886149678293,0.119401978127614,36.6348543102783
"6_1557",6,1557,107444126725,4998,0.435612934712511,-0.210057086392812,0.825148811115658,0.17344355854095,0.118412539995653,25.4002367980012
"6_165",6,165,1615020,4999,0.391324684614217,0.0470959663216038,0.81428581489612,0.178815156970788,0.120043572981776,14.2948578984631
"6_18",6,18,58,1547,-0.0797799909573513,0.0704174870658718,0.700728946591201,0.182719241542771,0.118996132164495,4.06044301054642
"6_18959",6,18959,28384329906976220,5000,0.467393705603459,-0.156457066326341,0.829431840737867,0.171998744659528,0.118000091212391,37.8846136239613
"6_1999",6,1999,373615409821,5000,0.43979547871973,-0.214074017274572,0.823843780226146,0.173585892946473,0.120647601389885,26.6464927892947
"6_211",6,211,5370418,5000,0.406478618891146,0.00717369763047496,0.819191372695396,0.174127962085308,0.115750135519393,15.4964163033067
"6_23",6,23,163,4161,-0.14929065104086,-0.0970782045489536,0.747956486707097,0.181300481698588,0.117214588579765,5.09375020080676
"6_24344",6,24344,99048353218286704,5000,0.515274375664369,-0.071928510331311,0.830274911063546,0.168718263227079,0.114659385585845,39.1343845421552
"6_2566",6,2566,1298880859531,5000,0.473975415922975,-0.0125386860905661,0.828193004156259,0.171936554949337,0.116467353738745,27.8925241323445
"6_271",6,271,18350920,4999,0.381689759217488,-0.047915524679628,0.816402262997391,0.179126600227794,0.121973416395556,16.7251902674479
"6_29",6,29,454,4885,0.0187612915205599,-0.0748868303173925,0.768600756197758,0.182783326862669,0.119498267746267,6.11809719804135
"6_31258",6,31258,345624680767892416,5000,0.403290995913316,-0.31844603142939,0.825128955185552,0.174739554674003,0.122686532345513,40.3841298435497
"6_3295",6,3295,4526097388560,4998,0.470492947614152,-0.11001621326658,0.823723924984308,0.174297032925462,0.120220440602826,29.1408811804868
"6_348",6,348,62953214,4999,0.464907874302365,0.0207679867607549,0.825266980682496,0.173174864858029,0.117189756708486,17.9579023735453
"6_37",6,37,1360,4986,-0.0878485381720718,-0.382633931212292,0.778049151644735,0.184234776292538,0.121856238786069,7.2152399787301
"6_40135",6,40135,1205996448687514112,5000,0.515502528768505,-0.0399136766806219,0.827712009960486,0.171644255637224,0.116229446651939,41.6338378274899
"6_4231",6,4231,15776397909002,5000,0.470461351723994,-0.130666114189705,0.828232802034333,0.172267218151737,0.11733784746143,30.3895361358973
"6_446",6,446,214683401,4996,0.455435729185144,-0.0659962724088119,0.823874769393337,0.173304562932857,0.118238974138283,19.1846749473311
"6_47",6,47,4070,4999,0.104201918547011,-0.179733448076435,0.7906256529434,0.181734219184262,0.119912894396463,8.31139827843664
"6_5432",6,5432,54964477688959,5000,0.49994740992511,-0.0732152568408623,0.828801663360848,0.172346944035346,0.117484174312761,31.6377082323027
"6_573",6,573,743271007,5000,0.432551335712647,-0.0518021765268691,0.821157194438393,0.175612565445026,0.11947040705757,20.4265712831498
"6_61",6,61,13702,4999,0.279843031870959,0.0371710951784497,0.791108923384514,0.183597375212747,0.122214034137587,9.52529708656284
"6_6975",6,6975,191693390669238,4999,0.45063094382341,-0.066853543756261,0.825971413703641,0.174312310490772,0.119054691933768,32.886918287917
"6_736",6,736,2576627439,4999,0.429993444095017,-0.149240307712059,0.825028976659888,0.173385764109344,0.118251070148296,21.6697471865703
"6_78",6,78,43752,4999,0.310759842763418,0.0498447088610084,0.804611387160034,0.182267222675304,0.121917760305202,10.6862926050266
"6_8956",6,8956,668570281978993,4999,0.456045274482214,-0.240582687964358,0.82994034125472,0.171757464489772,0.11819283108344,34.1361626407948
"6_9",6,9,3,3,-0.866666666666667,-0.0821547519696413,0.466666666666667,0.148148148148148,0.0896014672322456,1.09861228866811
"6_944",6,944,8884569359,4999,0.436861722102773,-0.139966212592517,0.821852396426567,0.171715699072018,0.116118039309546,22.907581829061
"666_1212",666,1212,2.78330792388798e+22,4999,0.860954841908339,0.900355716493525,0.910621216122163,0.0750316730012669,0.0390462265695504,51.68051216688
"666_1999",666,1999,5.03527774087713e+36,4994,0.896981997222583,0.915626399582572,0.931205943463547,0.0924376886080205,0.0432041419493569,84.5095320344759
"666_3295",666,3295,7.16565180933833e+52,4998,0.919162476088015,0.92430517395804,0.945168420549411,0.0947454550864352,0.0406839758709194,121.703723864129
"666_696",666,696,5604,4997,0.633115464524981,0.770537255584943,0.79935487744428,0.0120391200237384,0.00798592724176721,8.6312359074569
"666_736",666,736,4087968,5000,0.723267370130857,0.82803709984363,0.841650072536319,0.023023097826087,0.0144062602072933,15.2235585830464
"8_100",8,100,930912,5000,0.473350067033273,0.349583616408014,0.815653242518123,0.174192,0.110348759226654,13.7439200297724
"8_11",8,11,3,3,0.305820105820106,0.364032295554837,0.500256016385048,0.121212121212121,0.0733102913718372,1.09861228866811
"8_11499",8,11499,1.31616670429028e+20,4999,0.599988608992462,0.255012454028665,0.841092923692791,0.160246398353503,0.100157082471458,46.3264253597541
"8_1212",8,1212,20019053932136,4997,0.583962548990935,0.296855117280758,0.839975078614254,0.162478510208435,0.100751981099919,30.627705632562
"8_128",8,128,4602893,4999,0.512566887543447,0.360567626013397,0.823733617855433,0.171256126225245,0.107185139208084,15.3421955768199
"8_14",8,14,11,55,0.0621695642915542,0.322018554926976,0.580682443681436,0.154545454545455,0.101701295569251,2.39789527279837
"8_14765",8,14765,7.56381079701532e+20,5000,0.598465464708215,0.262495883846049,0.841029191172503,0.159966840501185,0.098967085401958,48.0750769967492
"8_1557",8,1557,114148122156020,5000,0.601419567791273,0.325064238576891,0.839653805978833,0.161158895311496,0.0990367162025824,32.368518038099
"8_165",8,165,24447572,5000,0.536690754172813,0.416872255908036,0.824941813991735,0.169893333333333,0.105312857118881,17.0120414642506
"8_18",8,18,40,779,-0.0910679219814515,0.0602251440881298,0.688639840593575,0.170303808301241,0.111594984708236,3.68887945411394
"8_18959",8,18959,4.34870116712785e+21,5000,0.579850754932682,0.211986083480919,0.840656236445547,0.162967983543436,0.10300554896805,49.8241641711215
"8_1999",8,1999,649935235085351,4998,0.599151403444217,0.258552557560094,0.838221891854372,0.162763354466349,0.101613141751881,34.1078938355238
"8_211",8,211,125780632,5000,0.586375861940304,0.419152385462194,0.832965795695312,0.164116587677725,0.0993131649499984,18.6500499317132
"8_23",8,23,146,3968,-0.222245194291536,0.0774481202723461,0.724257831344117,0.179599842215989,0.117688756203395,4.98360662170834
"8_24344",8,24344,2.50058021484504e+22,5000,0.592653859740449,0.29194920040498,0.834994602887096,0.163156605323694,0.101744316072735,51.5733948367534
"8_2566",8,2566,3703791971442406,4999,0.593609064304827,0.305482514727062,0.835130011454216,0.163480552696666,0.101515804152811,35.8481335468999
"8_271",8,271,677683798,4999,0.569081370192607,0.399372894796527,0.833347375848803,0.164801964082853,0.100170800329995,20.3341913624869
"8_29",8,29,525,4911,0.0483946967440952,0.166910898849925,0.756118494214706,0.182040317654246,0.118342849172591,6.26339826259162
"8_31258",8,31258,1.43796893703586e+23,4998,0.602474727730602,0.255968837616039,0.840830826925514,0.161591816968646,0.099792178798754,53.3226887964236
"8_3295",8,3295,21195076703065016,5000,0.59651189392705,0.302607030540103,0.838749366310861,0.162182883156297,0.100977914710994,37.5925453186314
"8_348",8,348,3698449836,5000,0.57899293707653,0.352589972407718,0.836241008427725,0.164713218390805,0.103457733744145,22.0311796055637
"8_37",8,37,2104,4995,0.197386374206064,0.228886264888253,0.77160047135612,0.180531883234586,0.116460721724479,7.6515955738576
"8_40135",8,40135,8.2693063175616e+23,5000,0.612229533796713,0.300804798557303,0.844767518386745,0.159572741995764,0.0982008627511334,55.0720077650047
"8_4231",8,4231,121427828090976912,5000,0.612507184751845,0.268248071329501,0.841590349985562,0.160564972819664,0.0994279137933151,39.3380964737173
"8_446",8,446,20139883561,5000,0.570446220617579,0.322837534640448,0.836773880401039,0.165456950672646,0.102835746704522,23.7259679427405
"8_47",8,47,8588,4997,0.245027655981669,0.242907634643245,0.783461472504933,0.181717541162996,0.117262144735119,9.05812115899867
"8_5432",8,5432,695590219667151232,5000,0.607631072575542,0.335879637921493,0.837856186050383,0.161877135493373,0.0990888834825209,41.083537117009
"8_573",8,573,112531090800,5000,0.564756335012098,0.299174172561179,0.83759831949325,0.16252705061082,0.10071223275468,25.4464953830764
"8_61",8,61,41635,4999,0.382805402677626,0.303960721253556,0.803488699095165,0.176520550011642,0.111647850645226,10.6366964386699
"8_6975",8,6975,3992184788487890944,4999,0.597419901335229,0.229820016367191,0.840612125932303,0.160186790046181,0.09984688403164,42.8308703209721
"8_736",8,736,632327545412,4999,0.588254957329597,0.325681139450022,0.835043031450332,0.16396784791741,0.101711030782895,27.1726733648957
"8_78",8,78,191964,4999,0.452745557131605,0.356530400435983,0.809956335189431,0.175322243935967,0.110507485911991,12.1650631334296
"8_8956",8,8956,2.2921242356259e+19,4999,0.591785877495428,0.237167448086676,0.839414993707759,0.160373521778943,0.0992351493763327,44.5785957682956
"8_944",8,944,3537668987523,4998,0.600200142514421,0.319098546088365,0.835055417153858,0.162881890044153,0.100396988017002,28.8944891480815
"91_100",91,100,30,435,0.464081635221268,0.653105324387598,0.717265038744627,0.0296551724137931,0.0197268506926158,3.40119738166216
"91_121",91,121,5604,4997,0.597504205581542,0.754550742757908,0.794779564272628,0.0686610313295415,0.0450617767259289,8.6312359074569
"91_1212",91,1212,1.07489781161443e+33,4998,0.859479134668996,0.845395229910323,0.917336668384759,0.119144357412932,0.0528287345032618,76.0575336669014
"91_14765",91,14765,5.83016485279184e+101,5000,0.921087455628904,0.925553946772713,0.947056427938545,0.0703977920758551,0.0186089748186807,234.324139668998
"91_165",91,165,7089500,4999,0.690012696556128,0.796684065997803,0.835152010955436,0.10865445816436,0.0681790241191318,15.7741253741598
"91_1999",91,1999,2.05825899759879e+43,4999,0.879329349928796,0.871388173304353,0.927018956919996,0.103410376922808,0.0401670392658397,99.7330194774108
"91_24344",91,24344,3.22082095391612e+119,4999,0.925129705201806,0.9302449028578,0.949121370377946,0.0674816281034715,0.0169671661423778,275.177262347985
"91_271",91,271,684598348485,4999,0.757060848961669,0.814358901916461,0.868227386871438,0.137822398428025,0.080652978454933,27.2520981506601
"91_3295",91,3295,2.88590783482596e+55,5000,0.895708819429057,0.893958746510912,0.933588463244339,0.0915815477996965,0.0313711405821034,127.70201963925
"91_40135",91,40135,7.86952445022024e+137,4999,0.92648377863987,0.92974113826415,0.949824220375983,0.0659877683771462,0.0164144578438347,317.517155375149
"91_446",91,446,379278722837144128,5000,0.79711902685793,0.815344364591609,0.888531032203188,0.143288340807175,0.0778381933133754,40.4770477461638
"91_5432",91,5432,2.61580434525436e+69,4999,0.909110582098245,0.905977517889439,0.940846446839571,0.0818003438684791,0.0252113655742421,159.839943055818
"91_736",91,736,3.57545853517953e+24,5000,0.839119551898248,0.83089879185778,0.906906349535991,0.130951630434783,0.0638881610699682,56.5361356613669
"91_8956",91,8956,9.13235805319049e+84,5000,0.912594952553059,0.918906752379312,0.943253674794833,0.0758045556051809,0.0215031557311926,195.628971748027
